ISO-10303-21;
HEADER;
/* Generated by software containing ST-Developer
 * from STEP Tools, Inc. (www.steptools.com) 
 */

FILE_DESCRIPTION(
/* description */ (''),
/* implementation_level */ '2;1');

FILE_NAME(
/* name */ 'Top Case V2.step',
/* time_stamp */ '2025-12-07T20:45:29+05:30',
/* author */ (''),
/* organization */ (''),
/* preprocessor_version */ 'ST-DEVELOPER v20.1',
/* originating_system */ 'Autodesk Translation Framework v14.21.0.0',
/* authorisation */ '');

FILE_SCHEMA (('AUTOMOTIVE_DESIGN { 1 0 10303 214 3 1 1 }'));
ENDSEC;

DATA;
#10=MECHANICAL_DESIGN_GEOMETRIC_PRESENTATION_REPRESENTATION('',(#13),#3515);
#11=SHAPE_REPRESENTATION_RELATIONSHIP('SRR','None',#3522,#12);
#12=ADVANCED_BREP_SHAPE_REPRESENTATION('',(#14),#3514);
#13=STYLED_ITEM('',(#3531),#14);
#14=MANIFOLD_SOLID_BREP('Body1',#2079);
#15=FACE_BOUND('',#404,.T.);
#16=FACE_BOUND('',#405,.T.);
#17=FACE_BOUND('',#406,.T.);
#18=FACE_BOUND('',#407,.T.);
#19=FACE_BOUND('',#408,.T.);
#20=FACE_BOUND('',#409,.T.);
#21=FACE_BOUND('',#410,.T.);
#22=FACE_BOUND('',#411,.T.);
#23=FACE_BOUND('',#412,.T.);
#24=FACE_BOUND('',#413,.T.);
#25=FACE_BOUND('',#414,.T.);
#26=FACE_BOUND('',#415,.T.);
#27=FACE_BOUND('',#416,.T.);
#28=FACE_BOUND('',#417,.T.);
#29=FACE_BOUND('',#418,.T.);
#30=FACE_BOUND('',#420,.T.);
#31=FACE_BOUND('',#421,.T.);
#32=FACE_BOUND('',#422,.T.);
#33=FACE_BOUND('',#423,.T.);
#34=FACE_BOUND('',#424,.T.);
#35=FACE_BOUND('',#425,.T.);
#36=FACE_BOUND('',#426,.T.);
#37=FACE_BOUND('',#427,.T.);
#38=FACE_BOUND('',#428,.T.);
#39=FACE_BOUND('',#429,.T.);
#40=FACE_BOUND('',#430,.T.);
#41=FACE_BOUND('',#431,.T.);
#42=FACE_BOUND('',#432,.T.);
#43=FACE_BOUND('',#433,.T.);
#44=FACE_BOUND('',#434,.T.);
#45=CIRCLE('',#2095,2.00000000000002);
#46=CIRCLE('',#2096,2.00000000000002);
#47=CIRCLE('',#2099,2.00000000000002);
#48=CIRCLE('',#2100,2.00000000000002);
#49=CIRCLE('',#2103,1.99999999999999);
#50=CIRCLE('',#2104,1.99999999999999);
#51=CIRCLE('',#2107,1.99999999999998);
#52=CIRCLE('',#2108,1.99999999999998);
#53=CIRCLE('',#2111,2.00000000000001);
#54=CIRCLE('',#2112,2.00000000000001);
#55=CIRCLE('',#2115,2.00000000000001);
#56=CIRCLE('',#2116,2.00000000000001);
#57=CIRCLE('',#2119,2.00000000000001);
#58=CIRCLE('',#2120,2.00000000000001);
#59=CIRCLE('',#2123,2.00000000000002);
#60=CIRCLE('',#2124,2.00000000000002);
#61=CIRCLE('',#2127,2.);
#62=CIRCLE('',#2128,2.);
#63=CIRCLE('',#2131,2.00000000000001);
#64=CIRCLE('',#2132,2.00000000000001);
#65=CIRCLE('',#2135,2.00000000000001);
#66=CIRCLE('',#2136,2.00000000000001);
#67=CIRCLE('',#2139,2.);
#68=CIRCLE('',#2140,2.);
#69=CIRCLE('',#2143,2.00000000000002);
#70=CIRCLE('',#2144,2.00000000000002);
#71=CIRCLE('',#2147,2.00000000000001);
#72=CIRCLE('',#2148,2.00000000000001);
#73=CIRCLE('',#2151,1.99999999999999);
#74=CIRCLE('',#2152,1.99999999999999);
#75=CIRCLE('',#2155,1.99999999999998);
#76=CIRCLE('',#2156,1.99999999999998);
#77=CIRCLE('',#2159,2.00000000000001);
#78=CIRCLE('',#2160,2.00000000000001);
#79=CIRCLE('',#2163,2.00000000000001);
#80=CIRCLE('',#2164,2.00000000000001);
#81=CIRCLE('',#2167,2.00000000000002);
#82=CIRCLE('',#2168,2.00000000000002);
#83=CIRCLE('',#2171,2.00000000000002);
#84=CIRCLE('',#2172,2.00000000000002);
#85=CIRCLE('',#2175,1.99999999999998);
#86=CIRCLE('',#2176,1.99999999999998);
#87=CIRCLE('',#2179,1.99999999999999);
#88=CIRCLE('',#2180,1.99999999999999);
#89=CIRCLE('',#2183,1.99999999999999);
#90=CIRCLE('',#2184,1.99999999999999);
#91=CIRCLE('',#2187,1.99999999999999);
#92=CIRCLE('',#2188,1.99999999999999);
#93=CIRCLE('',#2191,2.00000000000001);
#94=CIRCLE('',#2192,2.00000000000001);
#95=CIRCLE('',#2195,2.00000000000001);
#96=CIRCLE('',#2196,2.00000000000001);
#97=CIRCLE('',#2199,2.);
#98=CIRCLE('',#2200,2.);
#99=CIRCLE('',#2203,2.00000000000001);
#100=CIRCLE('',#2204,2.00000000000001);
#101=CIRCLE('',#2207,2.00000000000001);
#102=CIRCLE('',#2208,2.00000000000001);
#103=CIRCLE('',#2211,2.);
#104=CIRCLE('',#2212,2.);
#105=CIRCLE('',#2215,2.00000000000001);
#106=CIRCLE('',#2216,2.00000000000001);
#107=CIRCLE('',#2219,2.00000000000001);
#108=CIRCLE('',#2220,2.00000000000001);
#109=CIRCLE('',#2223,1.99999999999999);
#110=CIRCLE('',#2224,1.99999999999999);
#111=CIRCLE('',#2227,1.99999999999999);
#112=CIRCLE('',#2228,1.99999999999999);
#113=CIRCLE('',#2231,2.00000000000001);
#114=CIRCLE('',#2232,2.00000000000001);
#115=CIRCLE('',#2235,2.00000000000001);
#116=CIRCLE('',#2236,2.00000000000001);
#117=CIRCLE('',#2239,2.00000000000001);
#118=CIRCLE('',#2240,2.00000000000001);
#119=CIRCLE('',#2243,2.00000000000001);
#120=CIRCLE('',#2244,2.00000000000001);
#121=CIRCLE('',#2247,2.00000000000001);
#122=CIRCLE('',#2248,2.00000000000001);
#123=CIRCLE('',#2251,2.00000000000001);
#124=CIRCLE('',#2252,2.00000000000001);
#125=CIRCLE('',#2255,1.99999999999999);
#126=CIRCLE('',#2256,1.99999999999999);
#127=CIRCLE('',#2259,1.99999999999999);
#128=CIRCLE('',#2260,1.99999999999999);
#129=CIRCLE('',#2263,1.99999999999999);
#130=CIRCLE('',#2264,1.99999999999999);
#131=CIRCLE('',#2267,1.99999999999999);
#132=CIRCLE('',#2268,1.99999999999999);
#133=CIRCLE('',#2270,1.7);
#134=CIRCLE('',#2271,1.7);
#135=CIRCLE('',#2273,1.7);
#136=CIRCLE('',#2274,1.7);
#137=CIRCLE('',#2276,1.7);
#138=CIRCLE('',#2277,1.7);
#139=CIRCLE('',#2279,1.7);
#140=CIRCLE('',#2280,1.7);
#141=CIRCLE('',#2283,10.);
#142=CIRCLE('',#2284,10.);
#143=CIRCLE('',#2287,9.99999999999999);
#144=CIRCLE('',#2288,9.99999999999999);
#145=CIRCLE('',#2291,10.);
#146=CIRCLE('',#2292,10.);
#147=CIRCLE('',#2295,10.);
#148=CIRCLE('',#2296,10.);
#149=CYLINDRICAL_SURFACE('',#2094,2.00000000000002);
#150=CYLINDRICAL_SURFACE('',#2098,2.00000000000002);
#151=CYLINDRICAL_SURFACE('',#2102,1.99999999999999);
#152=CYLINDRICAL_SURFACE('',#2106,1.99999999999998);
#153=CYLINDRICAL_SURFACE('',#2110,2.00000000000001);
#154=CYLINDRICAL_SURFACE('',#2114,2.00000000000001);
#155=CYLINDRICAL_SURFACE('',#2118,2.00000000000001);
#156=CYLINDRICAL_SURFACE('',#2122,2.00000000000002);
#157=CYLINDRICAL_SURFACE('',#2126,2.);
#158=CYLINDRICAL_SURFACE('',#2130,2.00000000000001);
#159=CYLINDRICAL_SURFACE('',#2134,2.00000000000001);
#160=CYLINDRICAL_SURFACE('',#2138,2.);
#161=CYLINDRICAL_SURFACE('',#2142,2.00000000000002);
#162=CYLINDRICAL_SURFACE('',#2146,2.00000000000001);
#163=CYLINDRICAL_SURFACE('',#2150,1.99999999999999);
#164=CYLINDRICAL_SURFACE('',#2154,1.99999999999998);
#165=CYLINDRICAL_SURFACE('',#2158,2.00000000000001);
#166=CYLINDRICAL_SURFACE('',#2162,2.00000000000001);
#167=CYLINDRICAL_SURFACE('',#2166,2.00000000000002);
#168=CYLINDRICAL_SURFACE('',#2170,2.00000000000002);
#169=CYLINDRICAL_SURFACE('',#2174,1.99999999999998);
#170=CYLINDRICAL_SURFACE('',#2178,1.99999999999999);
#171=CYLINDRICAL_SURFACE('',#2182,1.99999999999999);
#172=CYLINDRICAL_SURFACE('',#2186,1.99999999999999);
#173=CYLINDRICAL_SURFACE('',#2190,2.00000000000001);
#174=CYLINDRICAL_SURFACE('',#2194,2.00000000000001);
#175=CYLINDRICAL_SURFACE('',#2198,2.);
#176=CYLINDRICAL_SURFACE('',#2202,2.00000000000001);
#177=CYLINDRICAL_SURFACE('',#2206,2.00000000000001);
#178=CYLINDRICAL_SURFACE('',#2210,2.);
#179=CYLINDRICAL_SURFACE('',#2214,2.00000000000001);
#180=CYLINDRICAL_SURFACE('',#2218,2.00000000000001);
#181=CYLINDRICAL_SURFACE('',#2222,1.99999999999999);
#182=CYLINDRICAL_SURFACE('',#2226,1.99999999999999);
#183=CYLINDRICAL_SURFACE('',#2230,2.00000000000001);
#184=CYLINDRICAL_SURFACE('',#2234,2.00000000000001);
#185=CYLINDRICAL_SURFACE('',#2238,2.00000000000001);
#186=CYLINDRICAL_SURFACE('',#2242,2.00000000000001);
#187=CYLINDRICAL_SURFACE('',#2246,2.00000000000001);
#188=CYLINDRICAL_SURFACE('',#2250,2.00000000000001);
#189=CYLINDRICAL_SURFACE('',#2254,1.99999999999999);
#190=CYLINDRICAL_SURFACE('',#2258,1.99999999999999);
#191=CYLINDRICAL_SURFACE('',#2262,1.99999999999999);
#192=CYLINDRICAL_SURFACE('',#2266,1.99999999999999);
#193=CYLINDRICAL_SURFACE('',#2269,1.7);
#194=CYLINDRICAL_SURFACE('',#2272,1.7);
#195=CYLINDRICAL_SURFACE('',#2275,1.7);
#196=CYLINDRICAL_SURFACE('',#2278,1.7);
#197=CYLINDRICAL_SURFACE('',#2282,10.);
#198=CYLINDRICAL_SURFACE('',#2286,9.99999999999999);
#199=CYLINDRICAL_SURFACE('',#2290,10.);
#200=CYLINDRICAL_SURFACE('',#2294,10.);
#201=FACE_OUTER_BOUND('',#303,.T.);
#202=FACE_OUTER_BOUND('',#304,.T.);
#203=FACE_OUTER_BOUND('',#305,.T.);
#204=FACE_OUTER_BOUND('',#306,.T.);
#205=FACE_OUTER_BOUND('',#307,.T.);
#206=FACE_OUTER_BOUND('',#308,.T.);
#207=FACE_OUTER_BOUND('',#309,.T.);
#208=FACE_OUTER_BOUND('',#310,.T.);
#209=FACE_OUTER_BOUND('',#311,.T.);
#210=FACE_OUTER_BOUND('',#312,.T.);
#211=FACE_OUTER_BOUND('',#313,.T.);
#212=FACE_OUTER_BOUND('',#314,.T.);
#213=FACE_OUTER_BOUND('',#315,.T.);
#214=FACE_OUTER_BOUND('',#316,.T.);
#215=FACE_OUTER_BOUND('',#317,.T.);
#216=FACE_OUTER_BOUND('',#318,.T.);
#217=FACE_OUTER_BOUND('',#319,.T.);
#218=FACE_OUTER_BOUND('',#320,.T.);
#219=FACE_OUTER_BOUND('',#321,.T.);
#220=FACE_OUTER_BOUND('',#322,.T.);
#221=FACE_OUTER_BOUND('',#323,.T.);
#222=FACE_OUTER_BOUND('',#324,.T.);
#223=FACE_OUTER_BOUND('',#325,.T.);
#224=FACE_OUTER_BOUND('',#326,.T.);
#225=FACE_OUTER_BOUND('',#327,.T.);
#226=FACE_OUTER_BOUND('',#328,.T.);
#227=FACE_OUTER_BOUND('',#329,.T.);
#228=FACE_OUTER_BOUND('',#330,.T.);
#229=FACE_OUTER_BOUND('',#331,.T.);
#230=FACE_OUTER_BOUND('',#332,.T.);
#231=FACE_OUTER_BOUND('',#333,.T.);
#232=FACE_OUTER_BOUND('',#334,.T.);
#233=FACE_OUTER_BOUND('',#335,.T.);
#234=FACE_OUTER_BOUND('',#336,.T.);
#235=FACE_OUTER_BOUND('',#337,.T.);
#236=FACE_OUTER_BOUND('',#338,.T.);
#237=FACE_OUTER_BOUND('',#339,.T.);
#238=FACE_OUTER_BOUND('',#340,.T.);
#239=FACE_OUTER_BOUND('',#341,.T.);
#240=FACE_OUTER_BOUND('',#342,.T.);
#241=FACE_OUTER_BOUND('',#343,.T.);
#242=FACE_OUTER_BOUND('',#344,.T.);
#243=FACE_OUTER_BOUND('',#345,.T.);
#244=FACE_OUTER_BOUND('',#346,.T.);
#245=FACE_OUTER_BOUND('',#347,.T.);
#246=FACE_OUTER_BOUND('',#348,.T.);
#247=FACE_OUTER_BOUND('',#349,.T.);
#248=FACE_OUTER_BOUND('',#350,.T.);
#249=FACE_OUTER_BOUND('',#351,.T.);
#250=FACE_OUTER_BOUND('',#352,.T.);
#251=FACE_OUTER_BOUND('',#353,.T.);
#252=FACE_OUTER_BOUND('',#354,.T.);
#253=FACE_OUTER_BOUND('',#355,.T.);
#254=FACE_OUTER_BOUND('',#356,.T.);
#255=FACE_OUTER_BOUND('',#357,.T.);
#256=FACE_OUTER_BOUND('',#358,.T.);
#257=FACE_OUTER_BOUND('',#359,.T.);
#258=FACE_OUTER_BOUND('',#360,.T.);
#259=FACE_OUTER_BOUND('',#361,.T.);
#260=FACE_OUTER_BOUND('',#362,.T.);
#261=FACE_OUTER_BOUND('',#363,.T.);
#262=FACE_OUTER_BOUND('',#364,.T.);
#263=FACE_OUTER_BOUND('',#365,.T.);
#264=FACE_OUTER_BOUND('',#366,.T.);
#265=FACE_OUTER_BOUND('',#367,.T.);
#266=FACE_OUTER_BOUND('',#368,.T.);
#267=FACE_OUTER_BOUND('',#369,.T.);
#268=FACE_OUTER_BOUND('',#370,.T.);
#269=FACE_OUTER_BOUND('',#371,.T.);
#270=FACE_OUTER_BOUND('',#372,.T.);
#271=FACE_OUTER_BOUND('',#373,.T.);
#272=FACE_OUTER_BOUND('',#374,.T.);
#273=FACE_OUTER_BOUND('',#375,.T.);
#274=FACE_OUTER_BOUND('',#376,.T.);
#275=FACE_OUTER_BOUND('',#377,.T.);
#276=FACE_OUTER_BOUND('',#378,.T.);
#277=FACE_OUTER_BOUND('',#379,.T.);
#278=FACE_OUTER_BOUND('',#380,.T.);
#279=FACE_OUTER_BOUND('',#381,.T.);
#280=FACE_OUTER_BOUND('',#382,.T.);
#281=FACE_OUTER_BOUND('',#383,.T.);
#282=FACE_OUTER_BOUND('',#384,.T.);
#283=FACE_OUTER_BOUND('',#385,.T.);
#284=FACE_OUTER_BOUND('',#386,.T.);
#285=FACE_OUTER_BOUND('',#387,.T.);
#286=FACE_OUTER_BOUND('',#388,.T.);
#287=FACE_OUTER_BOUND('',#389,.T.);
#288=FACE_OUTER_BOUND('',#390,.T.);
#289=FACE_OUTER_BOUND('',#391,.T.);
#290=FACE_OUTER_BOUND('',#392,.T.);
#291=FACE_OUTER_BOUND('',#393,.T.);
#292=FACE_OUTER_BOUND('',#394,.T.);
#293=FACE_OUTER_BOUND('',#395,.T.);
#294=FACE_OUTER_BOUND('',#396,.T.);
#295=FACE_OUTER_BOUND('',#397,.T.);
#296=FACE_OUTER_BOUND('',#398,.T.);
#297=FACE_OUTER_BOUND('',#399,.T.);
#298=FACE_OUTER_BOUND('',#400,.T.);
#299=FACE_OUTER_BOUND('',#401,.T.);
#300=FACE_OUTER_BOUND('',#402,.T.);
#301=FACE_OUTER_BOUND('',#403,.T.);
#302=FACE_OUTER_BOUND('',#419,.T.);
#303=EDGE_LOOP('',(#1327,#1328,#1329,#1330));
#304=EDGE_LOOP('',(#1331,#1332,#1333,#1334));
#305=EDGE_LOOP('',(#1335,#1336,#1337,#1338));
#306=EDGE_LOOP('',(#1339,#1340,#1341,#1342));
#307=EDGE_LOOP('',(#1343,#1344,#1345,#1346));
#308=EDGE_LOOP('',(#1347,#1348,#1349,#1350));
#309=EDGE_LOOP('',(#1351,#1352,#1353,#1354));
#310=EDGE_LOOP('',(#1355,#1356,#1357,#1358));
#311=EDGE_LOOP('',(#1359,#1360,#1361,#1362));
#312=EDGE_LOOP('',(#1363,#1364,#1365,#1366));
#313=EDGE_LOOP('',(#1367,#1368,#1369,#1370));
#314=EDGE_LOOP('',(#1371,#1372,#1373,#1374));
#315=EDGE_LOOP('',(#1375,#1376,#1377,#1378));
#316=EDGE_LOOP('',(#1379,#1380,#1381,#1382));
#317=EDGE_LOOP('',(#1383,#1384,#1385,#1386));
#318=EDGE_LOOP('',(#1387,#1388,#1389,#1390));
#319=EDGE_LOOP('',(#1391,#1392,#1393,#1394));
#320=EDGE_LOOP('',(#1395,#1396,#1397,#1398));
#321=EDGE_LOOP('',(#1399,#1400,#1401,#1402));
#322=EDGE_LOOP('',(#1403,#1404,#1405,#1406));
#323=EDGE_LOOP('',(#1407,#1408,#1409,#1410));
#324=EDGE_LOOP('',(#1411,#1412,#1413,#1414));
#325=EDGE_LOOP('',(#1415,#1416,#1417,#1418));
#326=EDGE_LOOP('',(#1419,#1420,#1421,#1422));
#327=EDGE_LOOP('',(#1423,#1424,#1425,#1426));
#328=EDGE_LOOP('',(#1427,#1428,#1429,#1430));
#329=EDGE_LOOP('',(#1431,#1432,#1433,#1434));
#330=EDGE_LOOP('',(#1435,#1436,#1437,#1438));
#331=EDGE_LOOP('',(#1439,#1440,#1441,#1442));
#332=EDGE_LOOP('',(#1443,#1444,#1445,#1446));
#333=EDGE_LOOP('',(#1447,#1448,#1449,#1450));
#334=EDGE_LOOP('',(#1451,#1452,#1453,#1454));
#335=EDGE_LOOP('',(#1455,#1456,#1457,#1458));
#336=EDGE_LOOP('',(#1459,#1460,#1461,#1462));
#337=EDGE_LOOP('',(#1463,#1464,#1465,#1466));
#338=EDGE_LOOP('',(#1467,#1468,#1469,#1470));
#339=EDGE_LOOP('',(#1471,#1472,#1473,#1474));
#340=EDGE_LOOP('',(#1475,#1476,#1477,#1478));
#341=EDGE_LOOP('',(#1479,#1480,#1481,#1482));
#342=EDGE_LOOP('',(#1483,#1484,#1485,#1486));
#343=EDGE_LOOP('',(#1487,#1488,#1489,#1490));
#344=EDGE_LOOP('',(#1491,#1492,#1493,#1494));
#345=EDGE_LOOP('',(#1495,#1496,#1497,#1498));
#346=EDGE_LOOP('',(#1499,#1500,#1501,#1502));
#347=EDGE_LOOP('',(#1503,#1504,#1505,#1506));
#348=EDGE_LOOP('',(#1507,#1508,#1509,#1510));
#349=EDGE_LOOP('',(#1511,#1512,#1513,#1514));
#350=EDGE_LOOP('',(#1515,#1516,#1517,#1518));
#351=EDGE_LOOP('',(#1519,#1520,#1521,#1522));
#352=EDGE_LOOP('',(#1523,#1524,#1525,#1526));
#353=EDGE_LOOP('',(#1527,#1528,#1529,#1530));
#354=EDGE_LOOP('',(#1531,#1532,#1533,#1534));
#355=EDGE_LOOP('',(#1535,#1536,#1537,#1538));
#356=EDGE_LOOP('',(#1539,#1540,#1541,#1542));
#357=EDGE_LOOP('',(#1543,#1544,#1545,#1546));
#358=EDGE_LOOP('',(#1547,#1548,#1549,#1550));
#359=EDGE_LOOP('',(#1551,#1552,#1553,#1554));
#360=EDGE_LOOP('',(#1555,#1556,#1557,#1558));
#361=EDGE_LOOP('',(#1559,#1560,#1561,#1562));
#362=EDGE_LOOP('',(#1563,#1564,#1565,#1566));
#363=EDGE_LOOP('',(#1567,#1568,#1569,#1570));
#364=EDGE_LOOP('',(#1571,#1572,#1573,#1574));
#365=EDGE_LOOP('',(#1575,#1576,#1577,#1578));
#366=EDGE_LOOP('',(#1579,#1580,#1581,#1582));
#367=EDGE_LOOP('',(#1583,#1584,#1585,#1586));
#368=EDGE_LOOP('',(#1587,#1588,#1589,#1590));
#369=EDGE_LOOP('',(#1591,#1592,#1593,#1594));
#370=EDGE_LOOP('',(#1595,#1596,#1597,#1598));
#371=EDGE_LOOP('',(#1599,#1600,#1601,#1602));
#372=EDGE_LOOP('',(#1603,#1604,#1605,#1606));
#373=EDGE_LOOP('',(#1607,#1608,#1609,#1610));
#374=EDGE_LOOP('',(#1611,#1612,#1613,#1614));
#375=EDGE_LOOP('',(#1615,#1616,#1617,#1618));
#376=EDGE_LOOP('',(#1619,#1620,#1621,#1622));
#377=EDGE_LOOP('',(#1623,#1624,#1625,#1626));
#378=EDGE_LOOP('',(#1627,#1628,#1629,#1630));
#379=EDGE_LOOP('',(#1631,#1632,#1633,#1634));
#380=EDGE_LOOP('',(#1635,#1636,#1637,#1638));
#381=EDGE_LOOP('',(#1639,#1640,#1641,#1642));
#382=EDGE_LOOP('',(#1643,#1644,#1645,#1646));
#383=EDGE_LOOP('',(#1647,#1648,#1649,#1650));
#384=EDGE_LOOP('',(#1651,#1652,#1653,#1654));
#385=EDGE_LOOP('',(#1655,#1656,#1657,#1658));
#386=EDGE_LOOP('',(#1659,#1660,#1661,#1662));
#387=EDGE_LOOP('',(#1663,#1664,#1665,#1666));
#388=EDGE_LOOP('',(#1667,#1668,#1669,#1670));
#389=EDGE_LOOP('',(#1671,#1672,#1673,#1674));
#390=EDGE_LOOP('',(#1675,#1676,#1677,#1678));
#391=EDGE_LOOP('',(#1679,#1680,#1681,#1682));
#392=EDGE_LOOP('',(#1683,#1684,#1685,#1686));
#393=EDGE_LOOP('',(#1687,#1688,#1689,#1690));
#394=EDGE_LOOP('',(#1691,#1692,#1693,#1694));
#395=EDGE_LOOP('',(#1695,#1696,#1697,#1698));
#396=EDGE_LOOP('',(#1699,#1700,#1701,#1702));
#397=EDGE_LOOP('',(#1703,#1704,#1705,#1706));
#398=EDGE_LOOP('',(#1707,#1708,#1709,#1710));
#399=EDGE_LOOP('',(#1711,#1712,#1713,#1714));
#400=EDGE_LOOP('',(#1715,#1716,#1717,#1718));
#401=EDGE_LOOP('',(#1719,#1720,#1721,#1722));
#402=EDGE_LOOP('',(#1723,#1724,#1725,#1726));
#403=EDGE_LOOP('',(#1727,#1728,#1729,#1730,#1731,#1732,#1733,#1734));
#404=EDGE_LOOP('',(#1735,#1736,#1737,#1738,#1739,#1740,#1741,#1742));
#405=EDGE_LOOP('',(#1743,#1744,#1745,#1746,#1747,#1748,#1749,#1750));
#406=EDGE_LOOP('',(#1751,#1752,#1753,#1754,#1755,#1756,#1757,#1758));
#407=EDGE_LOOP('',(#1759,#1760,#1761,#1762,#1763,#1764,#1765,#1766));
#408=EDGE_LOOP('',(#1767,#1768,#1769,#1770,#1771,#1772,#1773,#1774));
#409=EDGE_LOOP('',(#1775,#1776,#1777,#1778,#1779,#1780,#1781,#1782));
#410=EDGE_LOOP('',(#1783,#1784,#1785,#1786,#1787,#1788,#1789,#1790));
#411=EDGE_LOOP('',(#1791,#1792,#1793,#1794,#1795,#1796,#1797,#1798));
#412=EDGE_LOOP('',(#1799,#1800,#1801,#1802,#1803,#1804,#1805,#1806));
#413=EDGE_LOOP('',(#1807,#1808,#1809,#1810,#1811,#1812,#1813,#1814));
#414=EDGE_LOOP('',(#1815,#1816,#1817,#1818,#1819,#1820,#1821,#1822));
#415=EDGE_LOOP('',(#1823));
#416=EDGE_LOOP('',(#1824));
#417=EDGE_LOOP('',(#1825));
#418=EDGE_LOOP('',(#1826));
#419=EDGE_LOOP('',(#1827,#1828,#1829,#1830,#1831,#1832,#1833,#1834));
#420=EDGE_LOOP('',(#1835,#1836,#1837,#1838,#1839,#1840,#1841,#1842));
#421=EDGE_LOOP('',(#1843,#1844,#1845,#1846,#1847,#1848,#1849,#1850));
#422=EDGE_LOOP('',(#1851,#1852,#1853,#1854,#1855,#1856,#1857,#1858));
#423=EDGE_LOOP('',(#1859,#1860,#1861,#1862,#1863,#1864,#1865,#1866));
#424=EDGE_LOOP('',(#1867,#1868,#1869,#1870,#1871,#1872,#1873,#1874));
#425=EDGE_LOOP('',(#1875,#1876,#1877,#1878,#1879,#1880,#1881,#1882));
#426=EDGE_LOOP('',(#1883,#1884,#1885,#1886,#1887,#1888,#1889,#1890));
#427=EDGE_LOOP('',(#1891,#1892,#1893,#1894,#1895,#1896,#1897,#1898));
#428=EDGE_LOOP('',(#1899,#1900,#1901,#1902,#1903,#1904,#1905,#1906));
#429=EDGE_LOOP('',(#1907,#1908,#1909,#1910,#1911,#1912,#1913,#1914));
#430=EDGE_LOOP('',(#1915,#1916,#1917,#1918,#1919,#1920,#1921,#1922));
#431=EDGE_LOOP('',(#1923));
#432=EDGE_LOOP('',(#1924));
#433=EDGE_LOOP('',(#1925));
#434=EDGE_LOOP('',(#1926));
#435=LINE('',#2913,#631);
#436=LINE('',#2915,#632);
#437=LINE('',#2917,#633);
#438=LINE('',#2918,#634);
#439=LINE('',#2923,#635);
#440=LINE('',#2927,#636);
#441=LINE('',#2929,#637);
#442=LINE('',#2930,#638);
#443=LINE('',#2935,#639);
#444=LINE('',#2939,#640);
#445=LINE('',#2941,#641);
#446=LINE('',#2942,#642);
#447=LINE('',#2947,#643);
#448=LINE('',#2951,#644);
#449=LINE('',#2953,#645);
#450=LINE('',#2954,#646);
#451=LINE('',#2961,#647);
#452=LINE('',#2963,#648);
#453=LINE('',#2965,#649);
#454=LINE('',#2966,#650);
#455=LINE('',#2971,#651);
#456=LINE('',#2975,#652);
#457=LINE('',#2977,#653);
#458=LINE('',#2978,#654);
#459=LINE('',#2983,#655);
#460=LINE('',#2987,#656);
#461=LINE('',#2989,#657);
#462=LINE('',#2990,#658);
#463=LINE('',#2995,#659);
#464=LINE('',#2999,#660);
#465=LINE('',#3001,#661);
#466=LINE('',#3002,#662);
#467=LINE('',#3009,#663);
#468=LINE('',#3011,#664);
#469=LINE('',#3013,#665);
#470=LINE('',#3014,#666);
#471=LINE('',#3019,#667);
#472=LINE('',#3023,#668);
#473=LINE('',#3025,#669);
#474=LINE('',#3026,#670);
#475=LINE('',#3031,#671);
#476=LINE('',#3035,#672);
#477=LINE('',#3037,#673);
#478=LINE('',#3038,#674);
#479=LINE('',#3043,#675);
#480=LINE('',#3047,#676);
#481=LINE('',#3049,#677);
#482=LINE('',#3050,#678);
#483=LINE('',#3057,#679);
#484=LINE('',#3059,#680);
#485=LINE('',#3061,#681);
#486=LINE('',#3062,#682);
#487=LINE('',#3067,#683);
#488=LINE('',#3071,#684);
#489=LINE('',#3073,#685);
#490=LINE('',#3074,#686);
#491=LINE('',#3079,#687);
#492=LINE('',#3083,#688);
#493=LINE('',#3085,#689);
#494=LINE('',#3086,#690);
#495=LINE('',#3091,#691);
#496=LINE('',#3095,#692);
#497=LINE('',#3097,#693);
#498=LINE('',#3098,#694);
#499=LINE('',#3105,#695);
#500=LINE('',#3107,#696);
#501=LINE('',#3109,#697);
#502=LINE('',#3110,#698);
#503=LINE('',#3115,#699);
#504=LINE('',#3119,#700);
#505=LINE('',#3121,#701);
#506=LINE('',#3122,#702);
#507=LINE('',#3127,#703);
#508=LINE('',#3131,#704);
#509=LINE('',#3133,#705);
#510=LINE('',#3134,#706);
#511=LINE('',#3139,#707);
#512=LINE('',#3143,#708);
#513=LINE('',#3145,#709);
#514=LINE('',#3146,#710);
#515=LINE('',#3153,#711);
#516=LINE('',#3155,#712);
#517=LINE('',#3157,#713);
#518=LINE('',#3158,#714);
#519=LINE('',#3163,#715);
#520=LINE('',#3167,#716);
#521=LINE('',#3169,#717);
#522=LINE('',#3170,#718);
#523=LINE('',#3175,#719);
#524=LINE('',#3179,#720);
#525=LINE('',#3181,#721);
#526=LINE('',#3182,#722);
#527=LINE('',#3187,#723);
#528=LINE('',#3191,#724);
#529=LINE('',#3193,#725);
#530=LINE('',#3194,#726);
#531=LINE('',#3201,#727);
#532=LINE('',#3203,#728);
#533=LINE('',#3205,#729);
#534=LINE('',#3206,#730);
#535=LINE('',#3211,#731);
#536=LINE('',#3215,#732);
#537=LINE('',#3217,#733);
#538=LINE('',#3218,#734);
#539=LINE('',#3223,#735);
#540=LINE('',#3227,#736);
#541=LINE('',#3229,#737);
#542=LINE('',#3230,#738);
#543=LINE('',#3235,#739);
#544=LINE('',#3239,#740);
#545=LINE('',#3241,#741);
#546=LINE('',#3242,#742);
#547=LINE('',#3249,#743);
#548=LINE('',#3251,#744);
#549=LINE('',#3253,#745);
#550=LINE('',#3254,#746);
#551=LINE('',#3259,#747);
#552=LINE('',#3263,#748);
#553=LINE('',#3265,#749);
#554=LINE('',#3266,#750);
#555=LINE('',#3271,#751);
#556=LINE('',#3275,#752);
#557=LINE('',#3277,#753);
#558=LINE('',#3278,#754);
#559=LINE('',#3283,#755);
#560=LINE('',#3287,#756);
#561=LINE('',#3289,#757);
#562=LINE('',#3290,#758);
#563=LINE('',#3297,#759);
#564=LINE('',#3299,#760);
#565=LINE('',#3301,#761);
#566=LINE('',#3302,#762);
#567=LINE('',#3307,#763);
#568=LINE('',#3311,#764);
#569=LINE('',#3313,#765);
#570=LINE('',#3314,#766);
#571=LINE('',#3319,#767);
#572=LINE('',#3323,#768);
#573=LINE('',#3325,#769);
#574=LINE('',#3326,#770);
#575=LINE('',#3331,#771);
#576=LINE('',#3335,#772);
#577=LINE('',#3337,#773);
#578=LINE('',#3338,#774);
#579=LINE('',#3345,#775);
#580=LINE('',#3347,#776);
#581=LINE('',#3349,#777);
#582=LINE('',#3350,#778);
#583=LINE('',#3355,#779);
#584=LINE('',#3359,#780);
#585=LINE('',#3361,#781);
#586=LINE('',#3362,#782);
#587=LINE('',#3367,#783);
#588=LINE('',#3371,#784);
#589=LINE('',#3373,#785);
#590=LINE('',#3374,#786);
#591=LINE('',#3379,#787);
#592=LINE('',#3383,#788);
#593=LINE('',#3385,#789);
#594=LINE('',#3386,#790);
#595=LINE('',#3393,#791);
#596=LINE('',#3395,#792);
#597=LINE('',#3397,#793);
#598=LINE('',#3398,#794);
#599=LINE('',#3403,#795);
#600=LINE('',#3407,#796);
#601=LINE('',#3409,#797);
#602=LINE('',#3410,#798);
#603=LINE('',#3415,#799);
#604=LINE('',#3419,#800);
#605=LINE('',#3421,#801);
#606=LINE('',#3422,#802);
#607=LINE('',#3427,#803);
#608=LINE('',#3431,#804);
#609=LINE('',#3433,#805);
#610=LINE('',#3434,#806);
#611=LINE('',#3442,#807);
#612=LINE('',#3448,#808);
#613=LINE('',#3454,#809);
#614=LINE('',#3460,#810);
#615=LINE('',#3465,#811);
#616=LINE('',#3467,#812);
#617=LINE('',#3469,#813);
#618=LINE('',#3470,#814);
#619=LINE('',#3476,#815);
#620=LINE('',#3479,#816);
#621=LINE('',#3481,#817);
#622=LINE('',#3482,#818);
#623=LINE('',#3488,#819);
#624=LINE('',#3491,#820);
#625=LINE('',#3493,#821);
#626=LINE('',#3494,#822);
#627=LINE('',#3500,#823);
#628=LINE('',#3503,#824);
#629=LINE('',#3505,#825);
#630=LINE('',#3506,#826);
#631=VECTOR('',#2303,10.);
#632=VECTOR('',#2304,10.);
#633=VECTOR('',#2305,10.);
#634=VECTOR('',#2306,10.);
#635=VECTOR('',#2311,10.);
#636=VECTOR('',#2316,10.);
#637=VECTOR('',#2317,10.);
#638=VECTOR('',#2318,10.);
#639=VECTOR('',#2323,10.);
#640=VECTOR('',#2328,10.);
#641=VECTOR('',#2329,10.);
#642=VECTOR('',#2330,10.);
#643=VECTOR('',#2335,10.);
#644=VECTOR('',#2340,10.);
#645=VECTOR('',#2341,10.);
#646=VECTOR('',#2342,10.);
#647=VECTOR('',#2351,10.);
#648=VECTOR('',#2352,10.);
#649=VECTOR('',#2353,10.);
#650=VECTOR('',#2354,10.);
#651=VECTOR('',#2359,10.);
#652=VECTOR('',#2364,10.);
#653=VECTOR('',#2365,10.);
#654=VECTOR('',#2366,10.);
#655=VECTOR('',#2371,10.);
#656=VECTOR('',#2376,10.);
#657=VECTOR('',#2377,10.);
#658=VECTOR('',#2378,10.);
#659=VECTOR('',#2383,10.);
#660=VECTOR('',#2388,10.);
#661=VECTOR('',#2389,10.);
#662=VECTOR('',#2390,10.);
#663=VECTOR('',#2399,10.);
#664=VECTOR('',#2400,10.);
#665=VECTOR('',#2401,10.);
#666=VECTOR('',#2402,10.);
#667=VECTOR('',#2407,10.);
#668=VECTOR('',#2412,10.);
#669=VECTOR('',#2413,10.);
#670=VECTOR('',#2414,10.);
#671=VECTOR('',#2419,10.);
#672=VECTOR('',#2424,10.);
#673=VECTOR('',#2425,10.);
#674=VECTOR('',#2426,10.);
#675=VECTOR('',#2431,10.);
#676=VECTOR('',#2436,10.);
#677=VECTOR('',#2437,10.);
#678=VECTOR('',#2438,10.);
#679=VECTOR('',#2447,10.);
#680=VECTOR('',#2448,10.);
#681=VECTOR('',#2449,10.);
#682=VECTOR('',#2450,10.);
#683=VECTOR('',#2455,10.);
#684=VECTOR('',#2460,10.);
#685=VECTOR('',#2461,10.);
#686=VECTOR('',#2462,10.);
#687=VECTOR('',#2467,10.);
#688=VECTOR('',#2472,10.);
#689=VECTOR('',#2473,10.);
#690=VECTOR('',#2474,10.);
#691=VECTOR('',#2479,10.);
#692=VECTOR('',#2484,10.);
#693=VECTOR('',#2485,10.);
#694=VECTOR('',#2486,10.);
#695=VECTOR('',#2495,10.);
#696=VECTOR('',#2496,10.);
#697=VECTOR('',#2497,10.);
#698=VECTOR('',#2498,10.);
#699=VECTOR('',#2503,10.);
#700=VECTOR('',#2508,10.);
#701=VECTOR('',#2509,10.);
#702=VECTOR('',#2510,10.);
#703=VECTOR('',#2515,10.);
#704=VECTOR('',#2520,10.);
#705=VECTOR('',#2521,10.);
#706=VECTOR('',#2522,10.);
#707=VECTOR('',#2527,10.);
#708=VECTOR('',#2532,10.);
#709=VECTOR('',#2533,10.);
#710=VECTOR('',#2534,10.);
#711=VECTOR('',#2543,10.);
#712=VECTOR('',#2544,10.);
#713=VECTOR('',#2545,10.);
#714=VECTOR('',#2546,10.);
#715=VECTOR('',#2551,10.);
#716=VECTOR('',#2556,10.);
#717=VECTOR('',#2557,10.);
#718=VECTOR('',#2558,10.);
#719=VECTOR('',#2563,10.);
#720=VECTOR('',#2568,10.);
#721=VECTOR('',#2569,10.);
#722=VECTOR('',#2570,10.);
#723=VECTOR('',#2575,10.);
#724=VECTOR('',#2580,10.);
#725=VECTOR('',#2581,10.);
#726=VECTOR('',#2582,10.);
#727=VECTOR('',#2591,10.);
#728=VECTOR('',#2592,10.);
#729=VECTOR('',#2593,10.);
#730=VECTOR('',#2594,10.);
#731=VECTOR('',#2599,10.);
#732=VECTOR('',#2604,10.);
#733=VECTOR('',#2605,10.);
#734=VECTOR('',#2606,10.);
#735=VECTOR('',#2611,10.);
#736=VECTOR('',#2616,10.);
#737=VECTOR('',#2617,10.);
#738=VECTOR('',#2618,10.);
#739=VECTOR('',#2623,10.);
#740=VECTOR('',#2628,10.);
#741=VECTOR('',#2629,10.);
#742=VECTOR('',#2630,10.);
#743=VECTOR('',#2639,10.);
#744=VECTOR('',#2640,10.);
#745=VECTOR('',#2641,10.);
#746=VECTOR('',#2642,10.);
#747=VECTOR('',#2647,10.);
#748=VECTOR('',#2652,10.);
#749=VECTOR('',#2653,10.);
#750=VECTOR('',#2654,10.);
#751=VECTOR('',#2659,10.);
#752=VECTOR('',#2664,10.);
#753=VECTOR('',#2665,10.);
#754=VECTOR('',#2666,10.);
#755=VECTOR('',#2671,10.);
#756=VECTOR('',#2676,10.);
#757=VECTOR('',#2677,10.);
#758=VECTOR('',#2678,10.);
#759=VECTOR('',#2687,10.);
#760=VECTOR('',#2688,10.);
#761=VECTOR('',#2689,10.);
#762=VECTOR('',#2690,10.);
#763=VECTOR('',#2695,10.);
#764=VECTOR('',#2700,10.);
#765=VECTOR('',#2701,10.);
#766=VECTOR('',#2702,10.);
#767=VECTOR('',#2707,10.);
#768=VECTOR('',#2712,10.);
#769=VECTOR('',#2713,10.);
#770=VECTOR('',#2714,10.);
#771=VECTOR('',#2719,10.);
#772=VECTOR('',#2724,10.);
#773=VECTOR('',#2725,10.);
#774=VECTOR('',#2726,10.);
#775=VECTOR('',#2735,10.);
#776=VECTOR('',#2736,10.);
#777=VECTOR('',#2737,10.);
#778=VECTOR('',#2738,10.);
#779=VECTOR('',#2743,10.);
#780=VECTOR('',#2748,10.);
#781=VECTOR('',#2749,10.);
#782=VECTOR('',#2750,10.);
#783=VECTOR('',#2755,10.);
#784=VECTOR('',#2760,10.);
#785=VECTOR('',#2761,10.);
#786=VECTOR('',#2762,10.);
#787=VECTOR('',#2767,10.);
#788=VECTOR('',#2772,10.);
#789=VECTOR('',#2773,10.);
#790=VECTOR('',#2774,10.);
#791=VECTOR('',#2783,10.);
#792=VECTOR('',#2784,10.);
#793=VECTOR('',#2785,10.);
#794=VECTOR('',#2786,10.);
#795=VECTOR('',#2791,10.);
#796=VECTOR('',#2796,10.);
#797=VECTOR('',#2797,10.);
#798=VECTOR('',#2798,10.);
#799=VECTOR('',#2803,10.);
#800=VECTOR('',#2808,10.);
#801=VECTOR('',#2809,10.);
#802=VECTOR('',#2810,10.);
#803=VECTOR('',#2815,10.);
#804=VECTOR('',#2820,10.);
#805=VECTOR('',#2821,10.);
#806=VECTOR('',#2822,10.);
#807=VECTOR('',#2833,1.7);
#808=VECTOR('',#2840,1.7);
#809=VECTOR('',#2847,1.7);
#810=VECTOR('',#2854,1.7);
#811=VECTOR('',#2859,10.);
#812=VECTOR('',#2860,10.);
#813=VECTOR('',#2861,10.);
#814=VECTOR('',#2862,10.);
#815=VECTOR('',#2869,10.);
#816=VECTOR('',#2872,10.);
#817=VECTOR('',#2873,10.);
#818=VECTOR('',#2874,10.);
#819=VECTOR('',#2881,10.);
#820=VECTOR('',#2884,10.);
#821=VECTOR('',#2885,10.);
#822=VECTOR('',#2886,10.);
#823=VECTOR('',#2893,10.);
#824=VECTOR('',#2896,10.);
#825=VECTOR('',#2897,10.);
#826=VECTOR('',#2898,10.);
#827=VERTEX_POINT('',#2911);
#828=VERTEX_POINT('',#2912);
#829=VERTEX_POINT('',#2914);
#830=VERTEX_POINT('',#2916);
#831=VERTEX_POINT('',#2920);
#832=VERTEX_POINT('',#2922);
#833=VERTEX_POINT('',#2926);
#834=VERTEX_POINT('',#2928);
#835=VERTEX_POINT('',#2932);
#836=VERTEX_POINT('',#2934);
#837=VERTEX_POINT('',#2938);
#838=VERTEX_POINT('',#2940);
#839=VERTEX_POINT('',#2944);
#840=VERTEX_POINT('',#2946);
#841=VERTEX_POINT('',#2950);
#842=VERTEX_POINT('',#2952);
#843=VERTEX_POINT('',#2959);
#844=VERTEX_POINT('',#2960);
#845=VERTEX_POINT('',#2962);
#846=VERTEX_POINT('',#2964);
#847=VERTEX_POINT('',#2968);
#848=VERTEX_POINT('',#2970);
#849=VERTEX_POINT('',#2974);
#850=VERTEX_POINT('',#2976);
#851=VERTEX_POINT('',#2980);
#852=VERTEX_POINT('',#2982);
#853=VERTEX_POINT('',#2986);
#854=VERTEX_POINT('',#2988);
#855=VERTEX_POINT('',#2992);
#856=VERTEX_POINT('',#2994);
#857=VERTEX_POINT('',#2998);
#858=VERTEX_POINT('',#3000);
#859=VERTEX_POINT('',#3007);
#860=VERTEX_POINT('',#3008);
#861=VERTEX_POINT('',#3010);
#862=VERTEX_POINT('',#3012);
#863=VERTEX_POINT('',#3016);
#864=VERTEX_POINT('',#3018);
#865=VERTEX_POINT('',#3022);
#866=VERTEX_POINT('',#3024);
#867=VERTEX_POINT('',#3028);
#868=VERTEX_POINT('',#3030);
#869=VERTEX_POINT('',#3034);
#870=VERTEX_POINT('',#3036);
#871=VERTEX_POINT('',#3040);
#872=VERTEX_POINT('',#3042);
#873=VERTEX_POINT('',#3046);
#874=VERTEX_POINT('',#3048);
#875=VERTEX_POINT('',#3055);
#876=VERTEX_POINT('',#3056);
#877=VERTEX_POINT('',#3058);
#878=VERTEX_POINT('',#3060);
#879=VERTEX_POINT('',#3064);
#880=VERTEX_POINT('',#3066);
#881=VERTEX_POINT('',#3070);
#882=VERTEX_POINT('',#3072);
#883=VERTEX_POINT('',#3076);
#884=VERTEX_POINT('',#3078);
#885=VERTEX_POINT('',#3082);
#886=VERTEX_POINT('',#3084);
#887=VERTEX_POINT('',#3088);
#888=VERTEX_POINT('',#3090);
#889=VERTEX_POINT('',#3094);
#890=VERTEX_POINT('',#3096);
#891=VERTEX_POINT('',#3103);
#892=VERTEX_POINT('',#3104);
#893=VERTEX_POINT('',#3106);
#894=VERTEX_POINT('',#3108);
#895=VERTEX_POINT('',#3112);
#896=VERTEX_POINT('',#3114);
#897=VERTEX_POINT('',#3118);
#898=VERTEX_POINT('',#3120);
#899=VERTEX_POINT('',#3124);
#900=VERTEX_POINT('',#3126);
#901=VERTEX_POINT('',#3130);
#902=VERTEX_POINT('',#3132);
#903=VERTEX_POINT('',#3136);
#904=VERTEX_POINT('',#3138);
#905=VERTEX_POINT('',#3142);
#906=VERTEX_POINT('',#3144);
#907=VERTEX_POINT('',#3151);
#908=VERTEX_POINT('',#3152);
#909=VERTEX_POINT('',#3154);
#910=VERTEX_POINT('',#3156);
#911=VERTEX_POINT('',#3160);
#912=VERTEX_POINT('',#3162);
#913=VERTEX_POINT('',#3166);
#914=VERTEX_POINT('',#3168);
#915=VERTEX_POINT('',#3172);
#916=VERTEX_POINT('',#3174);
#917=VERTEX_POINT('',#3178);
#918=VERTEX_POINT('',#3180);
#919=VERTEX_POINT('',#3184);
#920=VERTEX_POINT('',#3186);
#921=VERTEX_POINT('',#3190);
#922=VERTEX_POINT('',#3192);
#923=VERTEX_POINT('',#3199);
#924=VERTEX_POINT('',#3200);
#925=VERTEX_POINT('',#3202);
#926=VERTEX_POINT('',#3204);
#927=VERTEX_POINT('',#3208);
#928=VERTEX_POINT('',#3210);
#929=VERTEX_POINT('',#3214);
#930=VERTEX_POINT('',#3216);
#931=VERTEX_POINT('',#3220);
#932=VERTEX_POINT('',#3222);
#933=VERTEX_POINT('',#3226);
#934=VERTEX_POINT('',#3228);
#935=VERTEX_POINT('',#3232);
#936=VERTEX_POINT('',#3234);
#937=VERTEX_POINT('',#3238);
#938=VERTEX_POINT('',#3240);
#939=VERTEX_POINT('',#3247);
#940=VERTEX_POINT('',#3248);
#941=VERTEX_POINT('',#3250);
#942=VERTEX_POINT('',#3252);
#943=VERTEX_POINT('',#3256);
#944=VERTEX_POINT('',#3258);
#945=VERTEX_POINT('',#3262);
#946=VERTEX_POINT('',#3264);
#947=VERTEX_POINT('',#3268);
#948=VERTEX_POINT('',#3270);
#949=VERTEX_POINT('',#3274);
#950=VERTEX_POINT('',#3276);
#951=VERTEX_POINT('',#3280);
#952=VERTEX_POINT('',#3282);
#953=VERTEX_POINT('',#3286);
#954=VERTEX_POINT('',#3288);
#955=VERTEX_POINT('',#3295);
#956=VERTEX_POINT('',#3296);
#957=VERTEX_POINT('',#3298);
#958=VERTEX_POINT('',#3300);
#959=VERTEX_POINT('',#3304);
#960=VERTEX_POINT('',#3306);
#961=VERTEX_POINT('',#3310);
#962=VERTEX_POINT('',#3312);
#963=VERTEX_POINT('',#3316);
#964=VERTEX_POINT('',#3318);
#965=VERTEX_POINT('',#3322);
#966=VERTEX_POINT('',#3324);
#967=VERTEX_POINT('',#3328);
#968=VERTEX_POINT('',#3330);
#969=VERTEX_POINT('',#3334);
#970=VERTEX_POINT('',#3336);
#971=VERTEX_POINT('',#3343);
#972=VERTEX_POINT('',#3344);
#973=VERTEX_POINT('',#3346);
#974=VERTEX_POINT('',#3348);
#975=VERTEX_POINT('',#3352);
#976=VERTEX_POINT('',#3354);
#977=VERTEX_POINT('',#3358);
#978=VERTEX_POINT('',#3360);
#979=VERTEX_POINT('',#3364);
#980=VERTEX_POINT('',#3366);
#981=VERTEX_POINT('',#3370);
#982=VERTEX_POINT('',#3372);
#983=VERTEX_POINT('',#3376);
#984=VERTEX_POINT('',#3378);
#985=VERTEX_POINT('',#3382);
#986=VERTEX_POINT('',#3384);
#987=VERTEX_POINT('',#3391);
#988=VERTEX_POINT('',#3392);
#989=VERTEX_POINT('',#3394);
#990=VERTEX_POINT('',#3396);
#991=VERTEX_POINT('',#3400);
#992=VERTEX_POINT('',#3402);
#993=VERTEX_POINT('',#3406);
#994=VERTEX_POINT('',#3408);
#995=VERTEX_POINT('',#3412);
#996=VERTEX_POINT('',#3414);
#997=VERTEX_POINT('',#3418);
#998=VERTEX_POINT('',#3420);
#999=VERTEX_POINT('',#3424);
#1000=VERTEX_POINT('',#3426);
#1001=VERTEX_POINT('',#3430);
#1002=VERTEX_POINT('',#3432);
#1003=VERTEX_POINT('',#3439);
#1004=VERTEX_POINT('',#3441);
#1005=VERTEX_POINT('',#3445);
#1006=VERTEX_POINT('',#3447);
#1007=VERTEX_POINT('',#3451);
#1008=VERTEX_POINT('',#3453);
#1009=VERTEX_POINT('',#3457);
#1010=VERTEX_POINT('',#3459);
#1011=VERTEX_POINT('',#3463);
#1012=VERTEX_POINT('',#3464);
#1013=VERTEX_POINT('',#3466);
#1014=VERTEX_POINT('',#3468);
#1015=VERTEX_POINT('',#3472);
#1016=VERTEX_POINT('',#3474);
#1017=VERTEX_POINT('',#3478);
#1018=VERTEX_POINT('',#3480);
#1019=VERTEX_POINT('',#3484);
#1020=VERTEX_POINT('',#3486);
#1021=VERTEX_POINT('',#3490);
#1022=VERTEX_POINT('',#3492);
#1023=VERTEX_POINT('',#3496);
#1024=VERTEX_POINT('',#3498);
#1025=VERTEX_POINT('',#3502);
#1026=VERTEX_POINT('',#3504);
#1027=EDGE_CURVE('',#827,#828,#435,.T.);
#1028=EDGE_CURVE('',#827,#829,#436,.T.);
#1029=EDGE_CURVE('',#830,#829,#437,.T.);
#1030=EDGE_CURVE('',#828,#830,#438,.T.);
#1031=EDGE_CURVE('',#831,#827,#45,.T.);
#1032=EDGE_CURVE('',#831,#832,#439,.T.);
#1033=EDGE_CURVE('',#829,#832,#46,.T.);
#1034=EDGE_CURVE('',#833,#831,#440,.T.);
#1035=EDGE_CURVE('',#833,#834,#441,.T.);
#1036=EDGE_CURVE('',#832,#834,#442,.T.);
#1037=EDGE_CURVE('',#835,#833,#47,.T.);
#1038=EDGE_CURVE('',#835,#836,#443,.T.);
#1039=EDGE_CURVE('',#834,#836,#48,.T.);
#1040=EDGE_CURVE('',#837,#835,#444,.T.);
#1041=EDGE_CURVE('',#837,#838,#445,.T.);
#1042=EDGE_CURVE('',#836,#838,#446,.T.);
#1043=EDGE_CURVE('',#839,#837,#49,.T.);
#1044=EDGE_CURVE('',#839,#840,#447,.T.);
#1045=EDGE_CURVE('',#838,#840,#50,.T.);
#1046=EDGE_CURVE('',#841,#839,#448,.T.);
#1047=EDGE_CURVE('',#841,#842,#449,.T.);
#1048=EDGE_CURVE('',#840,#842,#450,.T.);
#1049=EDGE_CURVE('',#828,#841,#51,.T.);
#1050=EDGE_CURVE('',#842,#830,#52,.T.);
#1051=EDGE_CURVE('',#843,#844,#451,.T.);
#1052=EDGE_CURVE('',#843,#845,#452,.T.);
#1053=EDGE_CURVE('',#846,#845,#453,.T.);
#1054=EDGE_CURVE('',#844,#846,#454,.T.);
#1055=EDGE_CURVE('',#847,#843,#53,.T.);
#1056=EDGE_CURVE('',#847,#848,#455,.T.);
#1057=EDGE_CURVE('',#845,#848,#54,.T.);
#1058=EDGE_CURVE('',#849,#847,#456,.T.);
#1059=EDGE_CURVE('',#849,#850,#457,.T.);
#1060=EDGE_CURVE('',#848,#850,#458,.T.);
#1061=EDGE_CURVE('',#851,#849,#55,.T.);
#1062=EDGE_CURVE('',#851,#852,#459,.T.);
#1063=EDGE_CURVE('',#850,#852,#56,.T.);
#1064=EDGE_CURVE('',#853,#851,#460,.T.);
#1065=EDGE_CURVE('',#853,#854,#461,.T.);
#1066=EDGE_CURVE('',#852,#854,#462,.T.);
#1067=EDGE_CURVE('',#855,#853,#57,.T.);
#1068=EDGE_CURVE('',#855,#856,#463,.T.);
#1069=EDGE_CURVE('',#854,#856,#58,.T.);
#1070=EDGE_CURVE('',#857,#855,#464,.T.);
#1071=EDGE_CURVE('',#857,#858,#465,.T.);
#1072=EDGE_CURVE('',#856,#858,#466,.T.);
#1073=EDGE_CURVE('',#844,#857,#59,.T.);
#1074=EDGE_CURVE('',#858,#846,#60,.T.);
#1075=EDGE_CURVE('',#859,#860,#467,.T.);
#1076=EDGE_CURVE('',#859,#861,#468,.T.);
#1077=EDGE_CURVE('',#862,#861,#469,.T.);
#1078=EDGE_CURVE('',#860,#862,#470,.T.);
#1079=EDGE_CURVE('',#863,#859,#61,.T.);
#1080=EDGE_CURVE('',#863,#864,#471,.T.);
#1081=EDGE_CURVE('',#861,#864,#62,.T.);
#1082=EDGE_CURVE('',#865,#863,#472,.T.);
#1083=EDGE_CURVE('',#865,#866,#473,.T.);
#1084=EDGE_CURVE('',#864,#866,#474,.T.);
#1085=EDGE_CURVE('',#867,#865,#63,.T.);
#1086=EDGE_CURVE('',#867,#868,#475,.T.);
#1087=EDGE_CURVE('',#866,#868,#64,.T.);
#1088=EDGE_CURVE('',#869,#867,#476,.T.);
#1089=EDGE_CURVE('',#869,#870,#477,.T.);
#1090=EDGE_CURVE('',#868,#870,#478,.T.);
#1091=EDGE_CURVE('',#871,#869,#65,.T.);
#1092=EDGE_CURVE('',#871,#872,#479,.T.);
#1093=EDGE_CURVE('',#870,#872,#66,.T.);
#1094=EDGE_CURVE('',#873,#871,#480,.T.);
#1095=EDGE_CURVE('',#873,#874,#481,.T.);
#1096=EDGE_CURVE('',#872,#874,#482,.T.);
#1097=EDGE_CURVE('',#860,#873,#67,.T.);
#1098=EDGE_CURVE('',#874,#862,#68,.T.);
#1099=EDGE_CURVE('',#875,#876,#483,.T.);
#1100=EDGE_CURVE('',#875,#877,#484,.T.);
#1101=EDGE_CURVE('',#878,#877,#485,.T.);
#1102=EDGE_CURVE('',#876,#878,#486,.T.);
#1103=EDGE_CURVE('',#879,#875,#69,.T.);
#1104=EDGE_CURVE('',#879,#880,#487,.T.);
#1105=EDGE_CURVE('',#877,#880,#70,.T.);
#1106=EDGE_CURVE('',#881,#879,#488,.T.);
#1107=EDGE_CURVE('',#881,#882,#489,.T.);
#1108=EDGE_CURVE('',#880,#882,#490,.T.);
#1109=EDGE_CURVE('',#883,#881,#71,.T.);
#1110=EDGE_CURVE('',#883,#884,#491,.T.);
#1111=EDGE_CURVE('',#882,#884,#72,.T.);
#1112=EDGE_CURVE('',#885,#883,#492,.T.);
#1113=EDGE_CURVE('',#885,#886,#493,.T.);
#1114=EDGE_CURVE('',#884,#886,#494,.T.);
#1115=EDGE_CURVE('',#887,#885,#73,.T.);
#1116=EDGE_CURVE('',#887,#888,#495,.T.);
#1117=EDGE_CURVE('',#886,#888,#74,.T.);
#1118=EDGE_CURVE('',#889,#887,#496,.T.);
#1119=EDGE_CURVE('',#889,#890,#497,.T.);
#1120=EDGE_CURVE('',#888,#890,#498,.T.);
#1121=EDGE_CURVE('',#876,#889,#75,.T.);
#1122=EDGE_CURVE('',#890,#878,#76,.T.);
#1123=EDGE_CURVE('',#891,#892,#499,.T.);
#1124=EDGE_CURVE('',#891,#893,#500,.T.);
#1125=EDGE_CURVE('',#894,#893,#501,.T.);
#1126=EDGE_CURVE('',#892,#894,#502,.T.);
#1127=EDGE_CURVE('',#895,#891,#77,.T.);
#1128=EDGE_CURVE('',#895,#896,#503,.T.);
#1129=EDGE_CURVE('',#893,#896,#78,.T.);
#1130=EDGE_CURVE('',#897,#895,#504,.T.);
#1131=EDGE_CURVE('',#897,#898,#505,.T.);
#1132=EDGE_CURVE('',#896,#898,#506,.T.);
#1133=EDGE_CURVE('',#899,#897,#79,.T.);
#1134=EDGE_CURVE('',#899,#900,#507,.T.);
#1135=EDGE_CURVE('',#898,#900,#80,.T.);
#1136=EDGE_CURVE('',#901,#899,#508,.T.);
#1137=EDGE_CURVE('',#901,#902,#509,.T.);
#1138=EDGE_CURVE('',#900,#902,#510,.T.);
#1139=EDGE_CURVE('',#903,#901,#81,.T.);
#1140=EDGE_CURVE('',#903,#904,#511,.T.);
#1141=EDGE_CURVE('',#902,#904,#82,.T.);
#1142=EDGE_CURVE('',#905,#903,#512,.T.);
#1143=EDGE_CURVE('',#905,#906,#513,.T.);
#1144=EDGE_CURVE('',#904,#906,#514,.T.);
#1145=EDGE_CURVE('',#892,#905,#83,.T.);
#1146=EDGE_CURVE('',#906,#894,#84,.T.);
#1147=EDGE_CURVE('',#907,#908,#515,.T.);
#1148=EDGE_CURVE('',#907,#909,#516,.T.);
#1149=EDGE_CURVE('',#910,#909,#517,.T.);
#1150=EDGE_CURVE('',#908,#910,#518,.T.);
#1151=EDGE_CURVE('',#911,#907,#85,.T.);
#1152=EDGE_CURVE('',#911,#912,#519,.T.);
#1153=EDGE_CURVE('',#909,#912,#86,.T.);
#1154=EDGE_CURVE('',#913,#911,#520,.T.);
#1155=EDGE_CURVE('',#913,#914,#521,.T.);
#1156=EDGE_CURVE('',#912,#914,#522,.T.);
#1157=EDGE_CURVE('',#915,#913,#87,.T.);
#1158=EDGE_CURVE('',#915,#916,#523,.T.);
#1159=EDGE_CURVE('',#914,#916,#88,.T.);
#1160=EDGE_CURVE('',#917,#915,#524,.T.);
#1161=EDGE_CURVE('',#917,#918,#525,.T.);
#1162=EDGE_CURVE('',#916,#918,#526,.T.);
#1163=EDGE_CURVE('',#919,#917,#89,.T.);
#1164=EDGE_CURVE('',#919,#920,#527,.T.);
#1165=EDGE_CURVE('',#918,#920,#90,.T.);
#1166=EDGE_CURVE('',#921,#919,#528,.T.);
#1167=EDGE_CURVE('',#921,#922,#529,.T.);
#1168=EDGE_CURVE('',#920,#922,#530,.T.);
#1169=EDGE_CURVE('',#908,#921,#91,.T.);
#1170=EDGE_CURVE('',#922,#910,#92,.T.);
#1171=EDGE_CURVE('',#923,#924,#531,.T.);
#1172=EDGE_CURVE('',#923,#925,#532,.T.);
#1173=EDGE_CURVE('',#926,#925,#533,.T.);
#1174=EDGE_CURVE('',#924,#926,#534,.T.);
#1175=EDGE_CURVE('',#927,#923,#93,.T.);
#1176=EDGE_CURVE('',#927,#928,#535,.T.);
#1177=EDGE_CURVE('',#925,#928,#94,.T.);
#1178=EDGE_CURVE('',#929,#927,#536,.T.);
#1179=EDGE_CURVE('',#929,#930,#537,.T.);
#1180=EDGE_CURVE('',#928,#930,#538,.T.);
#1181=EDGE_CURVE('',#931,#929,#95,.T.);
#1182=EDGE_CURVE('',#931,#932,#539,.T.);
#1183=EDGE_CURVE('',#930,#932,#96,.T.);
#1184=EDGE_CURVE('',#933,#931,#540,.T.);
#1185=EDGE_CURVE('',#933,#934,#541,.T.);
#1186=EDGE_CURVE('',#932,#934,#542,.T.);
#1187=EDGE_CURVE('',#935,#933,#97,.T.);
#1188=EDGE_CURVE('',#935,#936,#543,.T.);
#1189=EDGE_CURVE('',#934,#936,#98,.T.);
#1190=EDGE_CURVE('',#937,#935,#544,.T.);
#1191=EDGE_CURVE('',#937,#938,#545,.T.);
#1192=EDGE_CURVE('',#936,#938,#546,.T.);
#1193=EDGE_CURVE('',#924,#937,#99,.T.);
#1194=EDGE_CURVE('',#938,#926,#100,.T.);
#1195=EDGE_CURVE('',#939,#940,#547,.T.);
#1196=EDGE_CURVE('',#939,#941,#548,.T.);
#1197=EDGE_CURVE('',#942,#941,#549,.T.);
#1198=EDGE_CURVE('',#940,#942,#550,.T.);
#1199=EDGE_CURVE('',#943,#939,#101,.T.);
#1200=EDGE_CURVE('',#943,#944,#551,.T.);
#1201=EDGE_CURVE('',#941,#944,#102,.T.);
#1202=EDGE_CURVE('',#945,#943,#552,.T.);
#1203=EDGE_CURVE('',#945,#946,#553,.T.);
#1204=EDGE_CURVE('',#944,#946,#554,.T.);
#1205=EDGE_CURVE('',#947,#945,#103,.T.);
#1206=EDGE_CURVE('',#947,#948,#555,.T.);
#1207=EDGE_CURVE('',#946,#948,#104,.T.);
#1208=EDGE_CURVE('',#949,#947,#556,.T.);
#1209=EDGE_CURVE('',#949,#950,#557,.T.);
#1210=EDGE_CURVE('',#948,#950,#558,.T.);
#1211=EDGE_CURVE('',#951,#949,#105,.T.);
#1212=EDGE_CURVE('',#951,#952,#559,.T.);
#1213=EDGE_CURVE('',#950,#952,#106,.T.);
#1214=EDGE_CURVE('',#953,#951,#560,.T.);
#1215=EDGE_CURVE('',#953,#954,#561,.T.);
#1216=EDGE_CURVE('',#952,#954,#562,.T.);
#1217=EDGE_CURVE('',#940,#953,#107,.T.);
#1218=EDGE_CURVE('',#954,#942,#108,.T.);
#1219=EDGE_CURVE('',#955,#956,#563,.T.);
#1220=EDGE_CURVE('',#955,#957,#564,.T.);
#1221=EDGE_CURVE('',#958,#957,#565,.T.);
#1222=EDGE_CURVE('',#956,#958,#566,.T.);
#1223=EDGE_CURVE('',#959,#955,#109,.T.);
#1224=EDGE_CURVE('',#959,#960,#567,.T.);
#1225=EDGE_CURVE('',#957,#960,#110,.T.);
#1226=EDGE_CURVE('',#961,#959,#568,.T.);
#1227=EDGE_CURVE('',#961,#962,#569,.T.);
#1228=EDGE_CURVE('',#960,#962,#570,.T.);
#1229=EDGE_CURVE('',#963,#961,#111,.T.);
#1230=EDGE_CURVE('',#963,#964,#571,.T.);
#1231=EDGE_CURVE('',#962,#964,#112,.T.);
#1232=EDGE_CURVE('',#965,#963,#572,.T.);
#1233=EDGE_CURVE('',#965,#966,#573,.T.);
#1234=EDGE_CURVE('',#964,#966,#574,.T.);
#1235=EDGE_CURVE('',#967,#965,#113,.T.);
#1236=EDGE_CURVE('',#967,#968,#575,.T.);
#1237=EDGE_CURVE('',#966,#968,#114,.T.);
#1238=EDGE_CURVE('',#969,#967,#576,.T.);
#1239=EDGE_CURVE('',#969,#970,#577,.T.);
#1240=EDGE_CURVE('',#968,#970,#578,.T.);
#1241=EDGE_CURVE('',#956,#969,#115,.T.);
#1242=EDGE_CURVE('',#970,#958,#116,.T.);
#1243=EDGE_CURVE('',#971,#972,#579,.T.);
#1244=EDGE_CURVE('',#971,#973,#580,.T.);
#1245=EDGE_CURVE('',#974,#973,#581,.T.);
#1246=EDGE_CURVE('',#972,#974,#582,.T.);
#1247=EDGE_CURVE('',#975,#971,#117,.T.);
#1248=EDGE_CURVE('',#975,#976,#583,.T.);
#1249=EDGE_CURVE('',#973,#976,#118,.T.);
#1250=EDGE_CURVE('',#977,#975,#584,.T.);
#1251=EDGE_CURVE('',#977,#978,#585,.T.);
#1252=EDGE_CURVE('',#976,#978,#586,.T.);
#1253=EDGE_CURVE('',#979,#977,#119,.T.);
#1254=EDGE_CURVE('',#979,#980,#587,.T.);
#1255=EDGE_CURVE('',#978,#980,#120,.T.);
#1256=EDGE_CURVE('',#981,#979,#588,.T.);
#1257=EDGE_CURVE('',#981,#982,#589,.T.);
#1258=EDGE_CURVE('',#980,#982,#590,.T.);
#1259=EDGE_CURVE('',#983,#981,#121,.T.);
#1260=EDGE_CURVE('',#983,#984,#591,.T.);
#1261=EDGE_CURVE('',#982,#984,#122,.T.);
#1262=EDGE_CURVE('',#985,#983,#592,.T.);
#1263=EDGE_CURVE('',#985,#986,#593,.T.);
#1264=EDGE_CURVE('',#984,#986,#594,.T.);
#1265=EDGE_CURVE('',#972,#985,#123,.T.);
#1266=EDGE_CURVE('',#986,#974,#124,.T.);
#1267=EDGE_CURVE('',#987,#988,#595,.T.);
#1268=EDGE_CURVE('',#987,#989,#596,.T.);
#1269=EDGE_CURVE('',#990,#989,#597,.T.);
#1270=EDGE_CURVE('',#988,#990,#598,.T.);
#1271=EDGE_CURVE('',#991,#987,#125,.T.);
#1272=EDGE_CURVE('',#991,#992,#599,.T.);
#1273=EDGE_CURVE('',#989,#992,#126,.T.);
#1274=EDGE_CURVE('',#993,#991,#600,.T.);
#1275=EDGE_CURVE('',#993,#994,#601,.T.);
#1276=EDGE_CURVE('',#992,#994,#602,.T.);
#1277=EDGE_CURVE('',#995,#993,#127,.T.);
#1278=EDGE_CURVE('',#995,#996,#603,.T.);
#1279=EDGE_CURVE('',#994,#996,#128,.T.);
#1280=EDGE_CURVE('',#997,#995,#604,.T.);
#1281=EDGE_CURVE('',#997,#998,#605,.T.);
#1282=EDGE_CURVE('',#996,#998,#606,.T.);
#1283=EDGE_CURVE('',#999,#997,#129,.T.);
#1284=EDGE_CURVE('',#999,#1000,#607,.T.);
#1285=EDGE_CURVE('',#998,#1000,#130,.T.);
#1286=EDGE_CURVE('',#1001,#999,#608,.T.);
#1287=EDGE_CURVE('',#1001,#1002,#609,.T.);
#1288=EDGE_CURVE('',#1000,#1002,#610,.T.);
#1289=EDGE_CURVE('',#988,#1001,#131,.T.);
#1290=EDGE_CURVE('',#1002,#990,#132,.T.);
#1291=EDGE_CURVE('',#1003,#1003,#133,.T.);
#1292=EDGE_CURVE('',#1003,#1004,#611,.T.);
#1293=EDGE_CURVE('',#1004,#1004,#134,.T.);
#1294=EDGE_CURVE('',#1005,#1005,#135,.T.);
#1295=EDGE_CURVE('',#1005,#1006,#612,.T.);
#1296=EDGE_CURVE('',#1006,#1006,#136,.T.);
#1297=EDGE_CURVE('',#1007,#1007,#137,.T.);
#1298=EDGE_CURVE('',#1007,#1008,#613,.T.);
#1299=EDGE_CURVE('',#1008,#1008,#138,.T.);
#1300=EDGE_CURVE('',#1009,#1009,#139,.T.);
#1301=EDGE_CURVE('',#1009,#1010,#614,.T.);
#1302=EDGE_CURVE('',#1010,#1010,#140,.T.);
#1303=EDGE_CURVE('',#1011,#1012,#615,.T.);
#1304=EDGE_CURVE('',#1011,#1013,#616,.T.);
#1305=EDGE_CURVE('',#1014,#1013,#617,.T.);
#1306=EDGE_CURVE('',#1012,#1014,#618,.T.);
#1307=EDGE_CURVE('',#1015,#1012,#141,.T.);
#1308=EDGE_CURVE('',#1016,#1014,#142,.T.);
#1309=EDGE_CURVE('',#1015,#1016,#619,.T.);
#1310=EDGE_CURVE('',#1015,#1017,#620,.T.);
#1311=EDGE_CURVE('',#1018,#1016,#621,.T.);
#1312=EDGE_CURVE('',#1017,#1018,#622,.T.);
#1313=EDGE_CURVE('',#1019,#1017,#143,.T.);
#1314=EDGE_CURVE('',#1020,#1018,#144,.T.);
#1315=EDGE_CURVE('',#1019,#1020,#623,.T.);
#1316=EDGE_CURVE('',#1019,#1021,#624,.T.);
#1317=EDGE_CURVE('',#1022,#1020,#625,.T.);
#1318=EDGE_CURVE('',#1021,#1022,#626,.T.);
#1319=EDGE_CURVE('',#1023,#1021,#145,.T.);
#1320=EDGE_CURVE('',#1024,#1022,#146,.T.);
#1321=EDGE_CURVE('',#1023,#1024,#627,.T.);
#1322=EDGE_CURVE('',#1023,#1025,#628,.T.);
#1323=EDGE_CURVE('',#1026,#1024,#629,.T.);
#1324=EDGE_CURVE('',#1025,#1026,#630,.T.);
#1325=EDGE_CURVE('',#1011,#1025,#147,.T.);
#1326=EDGE_CURVE('',#1013,#1026,#148,.T.);
#1327=ORIENTED_EDGE('',*,*,#1027,.F.);
#1328=ORIENTED_EDGE('',*,*,#1028,.T.);
#1329=ORIENTED_EDGE('',*,*,#1029,.F.);
#1330=ORIENTED_EDGE('',*,*,#1030,.F.);
#1331=ORIENTED_EDGE('',*,*,#1031,.F.);
#1332=ORIENTED_EDGE('',*,*,#1032,.T.);
#1333=ORIENTED_EDGE('',*,*,#1033,.F.);
#1334=ORIENTED_EDGE('',*,*,#1028,.F.);
#1335=ORIENTED_EDGE('',*,*,#1034,.F.);
#1336=ORIENTED_EDGE('',*,*,#1035,.T.);
#1337=ORIENTED_EDGE('',*,*,#1036,.F.);
#1338=ORIENTED_EDGE('',*,*,#1032,.F.);
#1339=ORIENTED_EDGE('',*,*,#1037,.F.);
#1340=ORIENTED_EDGE('',*,*,#1038,.T.);
#1341=ORIENTED_EDGE('',*,*,#1039,.F.);
#1342=ORIENTED_EDGE('',*,*,#1035,.F.);
#1343=ORIENTED_EDGE('',*,*,#1040,.F.);
#1344=ORIENTED_EDGE('',*,*,#1041,.T.);
#1345=ORIENTED_EDGE('',*,*,#1042,.F.);
#1346=ORIENTED_EDGE('',*,*,#1038,.F.);
#1347=ORIENTED_EDGE('',*,*,#1043,.F.);
#1348=ORIENTED_EDGE('',*,*,#1044,.T.);
#1349=ORIENTED_EDGE('',*,*,#1045,.F.);
#1350=ORIENTED_EDGE('',*,*,#1041,.F.);
#1351=ORIENTED_EDGE('',*,*,#1046,.F.);
#1352=ORIENTED_EDGE('',*,*,#1047,.T.);
#1353=ORIENTED_EDGE('',*,*,#1048,.F.);
#1354=ORIENTED_EDGE('',*,*,#1044,.F.);
#1355=ORIENTED_EDGE('',*,*,#1049,.F.);
#1356=ORIENTED_EDGE('',*,*,#1030,.T.);
#1357=ORIENTED_EDGE('',*,*,#1050,.F.);
#1358=ORIENTED_EDGE('',*,*,#1047,.F.);
#1359=ORIENTED_EDGE('',*,*,#1051,.F.);
#1360=ORIENTED_EDGE('',*,*,#1052,.T.);
#1361=ORIENTED_EDGE('',*,*,#1053,.F.);
#1362=ORIENTED_EDGE('',*,*,#1054,.F.);
#1363=ORIENTED_EDGE('',*,*,#1055,.F.);
#1364=ORIENTED_EDGE('',*,*,#1056,.T.);
#1365=ORIENTED_EDGE('',*,*,#1057,.F.);
#1366=ORIENTED_EDGE('',*,*,#1052,.F.);
#1367=ORIENTED_EDGE('',*,*,#1058,.F.);
#1368=ORIENTED_EDGE('',*,*,#1059,.T.);
#1369=ORIENTED_EDGE('',*,*,#1060,.F.);
#1370=ORIENTED_EDGE('',*,*,#1056,.F.);
#1371=ORIENTED_EDGE('',*,*,#1061,.F.);
#1372=ORIENTED_EDGE('',*,*,#1062,.T.);
#1373=ORIENTED_EDGE('',*,*,#1063,.F.);
#1374=ORIENTED_EDGE('',*,*,#1059,.F.);
#1375=ORIENTED_EDGE('',*,*,#1064,.F.);
#1376=ORIENTED_EDGE('',*,*,#1065,.T.);
#1377=ORIENTED_EDGE('',*,*,#1066,.F.);
#1378=ORIENTED_EDGE('',*,*,#1062,.F.);
#1379=ORIENTED_EDGE('',*,*,#1067,.F.);
#1380=ORIENTED_EDGE('',*,*,#1068,.T.);
#1381=ORIENTED_EDGE('',*,*,#1069,.F.);
#1382=ORIENTED_EDGE('',*,*,#1065,.F.);
#1383=ORIENTED_EDGE('',*,*,#1070,.F.);
#1384=ORIENTED_EDGE('',*,*,#1071,.T.);
#1385=ORIENTED_EDGE('',*,*,#1072,.F.);
#1386=ORIENTED_EDGE('',*,*,#1068,.F.);
#1387=ORIENTED_EDGE('',*,*,#1073,.F.);
#1388=ORIENTED_EDGE('',*,*,#1054,.T.);
#1389=ORIENTED_EDGE('',*,*,#1074,.F.);
#1390=ORIENTED_EDGE('',*,*,#1071,.F.);
#1391=ORIENTED_EDGE('',*,*,#1075,.F.);
#1392=ORIENTED_EDGE('',*,*,#1076,.T.);
#1393=ORIENTED_EDGE('',*,*,#1077,.F.);
#1394=ORIENTED_EDGE('',*,*,#1078,.F.);
#1395=ORIENTED_EDGE('',*,*,#1079,.F.);
#1396=ORIENTED_EDGE('',*,*,#1080,.T.);
#1397=ORIENTED_EDGE('',*,*,#1081,.F.);
#1398=ORIENTED_EDGE('',*,*,#1076,.F.);
#1399=ORIENTED_EDGE('',*,*,#1082,.F.);
#1400=ORIENTED_EDGE('',*,*,#1083,.T.);
#1401=ORIENTED_EDGE('',*,*,#1084,.F.);
#1402=ORIENTED_EDGE('',*,*,#1080,.F.);
#1403=ORIENTED_EDGE('',*,*,#1085,.F.);
#1404=ORIENTED_EDGE('',*,*,#1086,.T.);
#1405=ORIENTED_EDGE('',*,*,#1087,.F.);
#1406=ORIENTED_EDGE('',*,*,#1083,.F.);
#1407=ORIENTED_EDGE('',*,*,#1088,.F.);
#1408=ORIENTED_EDGE('',*,*,#1089,.T.);
#1409=ORIENTED_EDGE('',*,*,#1090,.F.);
#1410=ORIENTED_EDGE('',*,*,#1086,.F.);
#1411=ORIENTED_EDGE('',*,*,#1091,.F.);
#1412=ORIENTED_EDGE('',*,*,#1092,.T.);
#1413=ORIENTED_EDGE('',*,*,#1093,.F.);
#1414=ORIENTED_EDGE('',*,*,#1089,.F.);
#1415=ORIENTED_EDGE('',*,*,#1094,.F.);
#1416=ORIENTED_EDGE('',*,*,#1095,.T.);
#1417=ORIENTED_EDGE('',*,*,#1096,.F.);
#1418=ORIENTED_EDGE('',*,*,#1092,.F.);
#1419=ORIENTED_EDGE('',*,*,#1097,.F.);
#1420=ORIENTED_EDGE('',*,*,#1078,.T.);
#1421=ORIENTED_EDGE('',*,*,#1098,.F.);
#1422=ORIENTED_EDGE('',*,*,#1095,.F.);
#1423=ORIENTED_EDGE('',*,*,#1099,.F.);
#1424=ORIENTED_EDGE('',*,*,#1100,.T.);
#1425=ORIENTED_EDGE('',*,*,#1101,.F.);
#1426=ORIENTED_EDGE('',*,*,#1102,.F.);
#1427=ORIENTED_EDGE('',*,*,#1103,.F.);
#1428=ORIENTED_EDGE('',*,*,#1104,.T.);
#1429=ORIENTED_EDGE('',*,*,#1105,.F.);
#1430=ORIENTED_EDGE('',*,*,#1100,.F.);
#1431=ORIENTED_EDGE('',*,*,#1106,.F.);
#1432=ORIENTED_EDGE('',*,*,#1107,.T.);
#1433=ORIENTED_EDGE('',*,*,#1108,.F.);
#1434=ORIENTED_EDGE('',*,*,#1104,.F.);
#1435=ORIENTED_EDGE('',*,*,#1109,.F.);
#1436=ORIENTED_EDGE('',*,*,#1110,.T.);
#1437=ORIENTED_EDGE('',*,*,#1111,.F.);
#1438=ORIENTED_EDGE('',*,*,#1107,.F.);
#1439=ORIENTED_EDGE('',*,*,#1112,.F.);
#1440=ORIENTED_EDGE('',*,*,#1113,.T.);
#1441=ORIENTED_EDGE('',*,*,#1114,.F.);
#1442=ORIENTED_EDGE('',*,*,#1110,.F.);
#1443=ORIENTED_EDGE('',*,*,#1115,.F.);
#1444=ORIENTED_EDGE('',*,*,#1116,.T.);
#1445=ORIENTED_EDGE('',*,*,#1117,.F.);
#1446=ORIENTED_EDGE('',*,*,#1113,.F.);
#1447=ORIENTED_EDGE('',*,*,#1118,.F.);
#1448=ORIENTED_EDGE('',*,*,#1119,.T.);
#1449=ORIENTED_EDGE('',*,*,#1120,.F.);
#1450=ORIENTED_EDGE('',*,*,#1116,.F.);
#1451=ORIENTED_EDGE('',*,*,#1121,.F.);
#1452=ORIENTED_EDGE('',*,*,#1102,.T.);
#1453=ORIENTED_EDGE('',*,*,#1122,.F.);
#1454=ORIENTED_EDGE('',*,*,#1119,.F.);
#1455=ORIENTED_EDGE('',*,*,#1123,.F.);
#1456=ORIENTED_EDGE('',*,*,#1124,.T.);
#1457=ORIENTED_EDGE('',*,*,#1125,.F.);
#1458=ORIENTED_EDGE('',*,*,#1126,.F.);
#1459=ORIENTED_EDGE('',*,*,#1127,.F.);
#1460=ORIENTED_EDGE('',*,*,#1128,.T.);
#1461=ORIENTED_EDGE('',*,*,#1129,.F.);
#1462=ORIENTED_EDGE('',*,*,#1124,.F.);
#1463=ORIENTED_EDGE('',*,*,#1130,.F.);
#1464=ORIENTED_EDGE('',*,*,#1131,.T.);
#1465=ORIENTED_EDGE('',*,*,#1132,.F.);
#1466=ORIENTED_EDGE('',*,*,#1128,.F.);
#1467=ORIENTED_EDGE('',*,*,#1133,.F.);
#1468=ORIENTED_EDGE('',*,*,#1134,.T.);
#1469=ORIENTED_EDGE('',*,*,#1135,.F.);
#1470=ORIENTED_EDGE('',*,*,#1131,.F.);
#1471=ORIENTED_EDGE('',*,*,#1136,.F.);
#1472=ORIENTED_EDGE('',*,*,#1137,.T.);
#1473=ORIENTED_EDGE('',*,*,#1138,.F.);
#1474=ORIENTED_EDGE('',*,*,#1134,.F.);
#1475=ORIENTED_EDGE('',*,*,#1139,.F.);
#1476=ORIENTED_EDGE('',*,*,#1140,.T.);
#1477=ORIENTED_EDGE('',*,*,#1141,.F.);
#1478=ORIENTED_EDGE('',*,*,#1137,.F.);
#1479=ORIENTED_EDGE('',*,*,#1142,.F.);
#1480=ORIENTED_EDGE('',*,*,#1143,.T.);
#1481=ORIENTED_EDGE('',*,*,#1144,.F.);
#1482=ORIENTED_EDGE('',*,*,#1140,.F.);
#1483=ORIENTED_EDGE('',*,*,#1145,.F.);
#1484=ORIENTED_EDGE('',*,*,#1126,.T.);
#1485=ORIENTED_EDGE('',*,*,#1146,.F.);
#1486=ORIENTED_EDGE('',*,*,#1143,.F.);
#1487=ORIENTED_EDGE('',*,*,#1147,.F.);
#1488=ORIENTED_EDGE('',*,*,#1148,.T.);
#1489=ORIENTED_EDGE('',*,*,#1149,.F.);
#1490=ORIENTED_EDGE('',*,*,#1150,.F.);
#1491=ORIENTED_EDGE('',*,*,#1151,.F.);
#1492=ORIENTED_EDGE('',*,*,#1152,.T.);
#1493=ORIENTED_EDGE('',*,*,#1153,.F.);
#1494=ORIENTED_EDGE('',*,*,#1148,.F.);
#1495=ORIENTED_EDGE('',*,*,#1154,.F.);
#1496=ORIENTED_EDGE('',*,*,#1155,.T.);
#1497=ORIENTED_EDGE('',*,*,#1156,.F.);
#1498=ORIENTED_EDGE('',*,*,#1152,.F.);
#1499=ORIENTED_EDGE('',*,*,#1157,.F.);
#1500=ORIENTED_EDGE('',*,*,#1158,.T.);
#1501=ORIENTED_EDGE('',*,*,#1159,.F.);
#1502=ORIENTED_EDGE('',*,*,#1155,.F.);
#1503=ORIENTED_EDGE('',*,*,#1160,.F.);
#1504=ORIENTED_EDGE('',*,*,#1161,.T.);
#1505=ORIENTED_EDGE('',*,*,#1162,.F.);
#1506=ORIENTED_EDGE('',*,*,#1158,.F.);
#1507=ORIENTED_EDGE('',*,*,#1163,.F.);
#1508=ORIENTED_EDGE('',*,*,#1164,.T.);
#1509=ORIENTED_EDGE('',*,*,#1165,.F.);
#1510=ORIENTED_EDGE('',*,*,#1161,.F.);
#1511=ORIENTED_EDGE('',*,*,#1166,.F.);
#1512=ORIENTED_EDGE('',*,*,#1167,.T.);
#1513=ORIENTED_EDGE('',*,*,#1168,.F.);
#1514=ORIENTED_EDGE('',*,*,#1164,.F.);
#1515=ORIENTED_EDGE('',*,*,#1169,.F.);
#1516=ORIENTED_EDGE('',*,*,#1150,.T.);
#1517=ORIENTED_EDGE('',*,*,#1170,.F.);
#1518=ORIENTED_EDGE('',*,*,#1167,.F.);
#1519=ORIENTED_EDGE('',*,*,#1171,.F.);
#1520=ORIENTED_EDGE('',*,*,#1172,.T.);
#1521=ORIENTED_EDGE('',*,*,#1173,.F.);
#1522=ORIENTED_EDGE('',*,*,#1174,.F.);
#1523=ORIENTED_EDGE('',*,*,#1175,.F.);
#1524=ORIENTED_EDGE('',*,*,#1176,.T.);
#1525=ORIENTED_EDGE('',*,*,#1177,.F.);
#1526=ORIENTED_EDGE('',*,*,#1172,.F.);
#1527=ORIENTED_EDGE('',*,*,#1178,.F.);
#1528=ORIENTED_EDGE('',*,*,#1179,.T.);
#1529=ORIENTED_EDGE('',*,*,#1180,.F.);
#1530=ORIENTED_EDGE('',*,*,#1176,.F.);
#1531=ORIENTED_EDGE('',*,*,#1181,.F.);
#1532=ORIENTED_EDGE('',*,*,#1182,.T.);
#1533=ORIENTED_EDGE('',*,*,#1183,.F.);
#1534=ORIENTED_EDGE('',*,*,#1179,.F.);
#1535=ORIENTED_EDGE('',*,*,#1184,.F.);
#1536=ORIENTED_EDGE('',*,*,#1185,.T.);
#1537=ORIENTED_EDGE('',*,*,#1186,.F.);
#1538=ORIENTED_EDGE('',*,*,#1182,.F.);
#1539=ORIENTED_EDGE('',*,*,#1187,.F.);
#1540=ORIENTED_EDGE('',*,*,#1188,.T.);
#1541=ORIENTED_EDGE('',*,*,#1189,.F.);
#1542=ORIENTED_EDGE('',*,*,#1185,.F.);
#1543=ORIENTED_EDGE('',*,*,#1190,.F.);
#1544=ORIENTED_EDGE('',*,*,#1191,.T.);
#1545=ORIENTED_EDGE('',*,*,#1192,.F.);
#1546=ORIENTED_EDGE('',*,*,#1188,.F.);
#1547=ORIENTED_EDGE('',*,*,#1193,.F.);
#1548=ORIENTED_EDGE('',*,*,#1174,.T.);
#1549=ORIENTED_EDGE('',*,*,#1194,.F.);
#1550=ORIENTED_EDGE('',*,*,#1191,.F.);
#1551=ORIENTED_EDGE('',*,*,#1195,.F.);
#1552=ORIENTED_EDGE('',*,*,#1196,.T.);
#1553=ORIENTED_EDGE('',*,*,#1197,.F.);
#1554=ORIENTED_EDGE('',*,*,#1198,.F.);
#1555=ORIENTED_EDGE('',*,*,#1199,.F.);
#1556=ORIENTED_EDGE('',*,*,#1200,.T.);
#1557=ORIENTED_EDGE('',*,*,#1201,.F.);
#1558=ORIENTED_EDGE('',*,*,#1196,.F.);
#1559=ORIENTED_EDGE('',*,*,#1202,.F.);
#1560=ORIENTED_EDGE('',*,*,#1203,.T.);
#1561=ORIENTED_EDGE('',*,*,#1204,.F.);
#1562=ORIENTED_EDGE('',*,*,#1200,.F.);
#1563=ORIENTED_EDGE('',*,*,#1205,.F.);
#1564=ORIENTED_EDGE('',*,*,#1206,.T.);
#1565=ORIENTED_EDGE('',*,*,#1207,.F.);
#1566=ORIENTED_EDGE('',*,*,#1203,.F.);
#1567=ORIENTED_EDGE('',*,*,#1208,.F.);
#1568=ORIENTED_EDGE('',*,*,#1209,.T.);
#1569=ORIENTED_EDGE('',*,*,#1210,.F.);
#1570=ORIENTED_EDGE('',*,*,#1206,.F.);
#1571=ORIENTED_EDGE('',*,*,#1211,.F.);
#1572=ORIENTED_EDGE('',*,*,#1212,.T.);
#1573=ORIENTED_EDGE('',*,*,#1213,.F.);
#1574=ORIENTED_EDGE('',*,*,#1209,.F.);
#1575=ORIENTED_EDGE('',*,*,#1214,.F.);
#1576=ORIENTED_EDGE('',*,*,#1215,.T.);
#1577=ORIENTED_EDGE('',*,*,#1216,.F.);
#1578=ORIENTED_EDGE('',*,*,#1212,.F.);
#1579=ORIENTED_EDGE('',*,*,#1217,.F.);
#1580=ORIENTED_EDGE('',*,*,#1198,.T.);
#1581=ORIENTED_EDGE('',*,*,#1218,.F.);
#1582=ORIENTED_EDGE('',*,*,#1215,.F.);
#1583=ORIENTED_EDGE('',*,*,#1219,.F.);
#1584=ORIENTED_EDGE('',*,*,#1220,.T.);
#1585=ORIENTED_EDGE('',*,*,#1221,.F.);
#1586=ORIENTED_EDGE('',*,*,#1222,.F.);
#1587=ORIENTED_EDGE('',*,*,#1223,.F.);
#1588=ORIENTED_EDGE('',*,*,#1224,.T.);
#1589=ORIENTED_EDGE('',*,*,#1225,.F.);
#1590=ORIENTED_EDGE('',*,*,#1220,.F.);
#1591=ORIENTED_EDGE('',*,*,#1226,.F.);
#1592=ORIENTED_EDGE('',*,*,#1227,.T.);
#1593=ORIENTED_EDGE('',*,*,#1228,.F.);
#1594=ORIENTED_EDGE('',*,*,#1224,.F.);
#1595=ORIENTED_EDGE('',*,*,#1229,.F.);
#1596=ORIENTED_EDGE('',*,*,#1230,.T.);
#1597=ORIENTED_EDGE('',*,*,#1231,.F.);
#1598=ORIENTED_EDGE('',*,*,#1227,.F.);
#1599=ORIENTED_EDGE('',*,*,#1232,.F.);
#1600=ORIENTED_EDGE('',*,*,#1233,.T.);
#1601=ORIENTED_EDGE('',*,*,#1234,.F.);
#1602=ORIENTED_EDGE('',*,*,#1230,.F.);
#1603=ORIENTED_EDGE('',*,*,#1235,.F.);
#1604=ORIENTED_EDGE('',*,*,#1236,.T.);
#1605=ORIENTED_EDGE('',*,*,#1237,.F.);
#1606=ORIENTED_EDGE('',*,*,#1233,.F.);
#1607=ORIENTED_EDGE('',*,*,#1238,.F.);
#1608=ORIENTED_EDGE('',*,*,#1239,.T.);
#1609=ORIENTED_EDGE('',*,*,#1240,.F.);
#1610=ORIENTED_EDGE('',*,*,#1236,.F.);
#1611=ORIENTED_EDGE('',*,*,#1241,.F.);
#1612=ORIENTED_EDGE('',*,*,#1222,.T.);
#1613=ORIENTED_EDGE('',*,*,#1242,.F.);
#1614=ORIENTED_EDGE('',*,*,#1239,.F.);
#1615=ORIENTED_EDGE('',*,*,#1243,.F.);
#1616=ORIENTED_EDGE('',*,*,#1244,.T.);
#1617=ORIENTED_EDGE('',*,*,#1245,.F.);
#1618=ORIENTED_EDGE('',*,*,#1246,.F.);
#1619=ORIENTED_EDGE('',*,*,#1247,.F.);
#1620=ORIENTED_EDGE('',*,*,#1248,.T.);
#1621=ORIENTED_EDGE('',*,*,#1249,.F.);
#1622=ORIENTED_EDGE('',*,*,#1244,.F.);
#1623=ORIENTED_EDGE('',*,*,#1250,.F.);
#1624=ORIENTED_EDGE('',*,*,#1251,.T.);
#1625=ORIENTED_EDGE('',*,*,#1252,.F.);
#1626=ORIENTED_EDGE('',*,*,#1248,.F.);
#1627=ORIENTED_EDGE('',*,*,#1253,.F.);
#1628=ORIENTED_EDGE('',*,*,#1254,.T.);
#1629=ORIENTED_EDGE('',*,*,#1255,.F.);
#1630=ORIENTED_EDGE('',*,*,#1251,.F.);
#1631=ORIENTED_EDGE('',*,*,#1256,.F.);
#1632=ORIENTED_EDGE('',*,*,#1257,.T.);
#1633=ORIENTED_EDGE('',*,*,#1258,.F.);
#1634=ORIENTED_EDGE('',*,*,#1254,.F.);
#1635=ORIENTED_EDGE('',*,*,#1259,.F.);
#1636=ORIENTED_EDGE('',*,*,#1260,.T.);
#1637=ORIENTED_EDGE('',*,*,#1261,.F.);
#1638=ORIENTED_EDGE('',*,*,#1257,.F.);
#1639=ORIENTED_EDGE('',*,*,#1262,.F.);
#1640=ORIENTED_EDGE('',*,*,#1263,.T.);
#1641=ORIENTED_EDGE('',*,*,#1264,.F.);
#1642=ORIENTED_EDGE('',*,*,#1260,.F.);
#1643=ORIENTED_EDGE('',*,*,#1265,.F.);
#1644=ORIENTED_EDGE('',*,*,#1246,.T.);
#1645=ORIENTED_EDGE('',*,*,#1266,.F.);
#1646=ORIENTED_EDGE('',*,*,#1263,.F.);
#1647=ORIENTED_EDGE('',*,*,#1267,.F.);
#1648=ORIENTED_EDGE('',*,*,#1268,.T.);
#1649=ORIENTED_EDGE('',*,*,#1269,.F.);
#1650=ORIENTED_EDGE('',*,*,#1270,.F.);
#1651=ORIENTED_EDGE('',*,*,#1271,.F.);
#1652=ORIENTED_EDGE('',*,*,#1272,.T.);
#1653=ORIENTED_EDGE('',*,*,#1273,.F.);
#1654=ORIENTED_EDGE('',*,*,#1268,.F.);
#1655=ORIENTED_EDGE('',*,*,#1274,.F.);
#1656=ORIENTED_EDGE('',*,*,#1275,.T.);
#1657=ORIENTED_EDGE('',*,*,#1276,.F.);
#1658=ORIENTED_EDGE('',*,*,#1272,.F.);
#1659=ORIENTED_EDGE('',*,*,#1277,.F.);
#1660=ORIENTED_EDGE('',*,*,#1278,.T.);
#1661=ORIENTED_EDGE('',*,*,#1279,.F.);
#1662=ORIENTED_EDGE('',*,*,#1275,.F.);
#1663=ORIENTED_EDGE('',*,*,#1280,.F.);
#1664=ORIENTED_EDGE('',*,*,#1281,.T.);
#1665=ORIENTED_EDGE('',*,*,#1282,.F.);
#1666=ORIENTED_EDGE('',*,*,#1278,.F.);
#1667=ORIENTED_EDGE('',*,*,#1283,.F.);
#1668=ORIENTED_EDGE('',*,*,#1284,.T.);
#1669=ORIENTED_EDGE('',*,*,#1285,.F.);
#1670=ORIENTED_EDGE('',*,*,#1281,.F.);
#1671=ORIENTED_EDGE('',*,*,#1286,.F.);
#1672=ORIENTED_EDGE('',*,*,#1287,.T.);
#1673=ORIENTED_EDGE('',*,*,#1288,.F.);
#1674=ORIENTED_EDGE('',*,*,#1284,.F.);
#1675=ORIENTED_EDGE('',*,*,#1289,.F.);
#1676=ORIENTED_EDGE('',*,*,#1270,.T.);
#1677=ORIENTED_EDGE('',*,*,#1290,.F.);
#1678=ORIENTED_EDGE('',*,*,#1287,.F.);
#1679=ORIENTED_EDGE('',*,*,#1291,.F.);
#1680=ORIENTED_EDGE('',*,*,#1292,.T.);
#1681=ORIENTED_EDGE('',*,*,#1293,.T.);
#1682=ORIENTED_EDGE('',*,*,#1292,.F.);
#1683=ORIENTED_EDGE('',*,*,#1294,.F.);
#1684=ORIENTED_EDGE('',*,*,#1295,.T.);
#1685=ORIENTED_EDGE('',*,*,#1296,.T.);
#1686=ORIENTED_EDGE('',*,*,#1295,.F.);
#1687=ORIENTED_EDGE('',*,*,#1297,.F.);
#1688=ORIENTED_EDGE('',*,*,#1298,.T.);
#1689=ORIENTED_EDGE('',*,*,#1299,.T.);
#1690=ORIENTED_EDGE('',*,*,#1298,.F.);
#1691=ORIENTED_EDGE('',*,*,#1300,.F.);
#1692=ORIENTED_EDGE('',*,*,#1301,.T.);
#1693=ORIENTED_EDGE('',*,*,#1302,.T.);
#1694=ORIENTED_EDGE('',*,*,#1301,.F.);
#1695=ORIENTED_EDGE('',*,*,#1303,.F.);
#1696=ORIENTED_EDGE('',*,*,#1304,.T.);
#1697=ORIENTED_EDGE('',*,*,#1305,.F.);
#1698=ORIENTED_EDGE('',*,*,#1306,.F.);
#1699=ORIENTED_EDGE('',*,*,#1307,.T.);
#1700=ORIENTED_EDGE('',*,*,#1306,.T.);
#1701=ORIENTED_EDGE('',*,*,#1308,.F.);
#1702=ORIENTED_EDGE('',*,*,#1309,.F.);
#1703=ORIENTED_EDGE('',*,*,#1310,.F.);
#1704=ORIENTED_EDGE('',*,*,#1309,.T.);
#1705=ORIENTED_EDGE('',*,*,#1311,.F.);
#1706=ORIENTED_EDGE('',*,*,#1312,.F.);
#1707=ORIENTED_EDGE('',*,*,#1313,.T.);
#1708=ORIENTED_EDGE('',*,*,#1312,.T.);
#1709=ORIENTED_EDGE('',*,*,#1314,.F.);
#1710=ORIENTED_EDGE('',*,*,#1315,.F.);
#1711=ORIENTED_EDGE('',*,*,#1316,.F.);
#1712=ORIENTED_EDGE('',*,*,#1315,.T.);
#1713=ORIENTED_EDGE('',*,*,#1317,.F.);
#1714=ORIENTED_EDGE('',*,*,#1318,.F.);
#1715=ORIENTED_EDGE('',*,*,#1319,.T.);
#1716=ORIENTED_EDGE('',*,*,#1318,.T.);
#1717=ORIENTED_EDGE('',*,*,#1320,.F.);
#1718=ORIENTED_EDGE('',*,*,#1321,.F.);
#1719=ORIENTED_EDGE('',*,*,#1322,.F.);
#1720=ORIENTED_EDGE('',*,*,#1321,.T.);
#1721=ORIENTED_EDGE('',*,*,#1323,.F.);
#1722=ORIENTED_EDGE('',*,*,#1324,.F.);
#1723=ORIENTED_EDGE('',*,*,#1325,.T.);
#1724=ORIENTED_EDGE('',*,*,#1324,.T.);
#1725=ORIENTED_EDGE('',*,*,#1326,.F.);
#1726=ORIENTED_EDGE('',*,*,#1304,.F.);
#1727=ORIENTED_EDGE('',*,*,#1326,.T.);
#1728=ORIENTED_EDGE('',*,*,#1323,.T.);
#1729=ORIENTED_EDGE('',*,*,#1320,.T.);
#1730=ORIENTED_EDGE('',*,*,#1317,.T.);
#1731=ORIENTED_EDGE('',*,*,#1314,.T.);
#1732=ORIENTED_EDGE('',*,*,#1311,.T.);
#1733=ORIENTED_EDGE('',*,*,#1308,.T.);
#1734=ORIENTED_EDGE('',*,*,#1305,.T.);
#1735=ORIENTED_EDGE('',*,*,#1029,.T.);
#1736=ORIENTED_EDGE('',*,*,#1033,.T.);
#1737=ORIENTED_EDGE('',*,*,#1036,.T.);
#1738=ORIENTED_EDGE('',*,*,#1039,.T.);
#1739=ORIENTED_EDGE('',*,*,#1042,.T.);
#1740=ORIENTED_EDGE('',*,*,#1045,.T.);
#1741=ORIENTED_EDGE('',*,*,#1048,.T.);
#1742=ORIENTED_EDGE('',*,*,#1050,.T.);
#1743=ORIENTED_EDGE('',*,*,#1053,.T.);
#1744=ORIENTED_EDGE('',*,*,#1057,.T.);
#1745=ORIENTED_EDGE('',*,*,#1060,.T.);
#1746=ORIENTED_EDGE('',*,*,#1063,.T.);
#1747=ORIENTED_EDGE('',*,*,#1066,.T.);
#1748=ORIENTED_EDGE('',*,*,#1069,.T.);
#1749=ORIENTED_EDGE('',*,*,#1072,.T.);
#1750=ORIENTED_EDGE('',*,*,#1074,.T.);
#1751=ORIENTED_EDGE('',*,*,#1077,.T.);
#1752=ORIENTED_EDGE('',*,*,#1081,.T.);
#1753=ORIENTED_EDGE('',*,*,#1084,.T.);
#1754=ORIENTED_EDGE('',*,*,#1087,.T.);
#1755=ORIENTED_EDGE('',*,*,#1090,.T.);
#1756=ORIENTED_EDGE('',*,*,#1093,.T.);
#1757=ORIENTED_EDGE('',*,*,#1096,.T.);
#1758=ORIENTED_EDGE('',*,*,#1098,.T.);
#1759=ORIENTED_EDGE('',*,*,#1101,.T.);
#1760=ORIENTED_EDGE('',*,*,#1105,.T.);
#1761=ORIENTED_EDGE('',*,*,#1108,.T.);
#1762=ORIENTED_EDGE('',*,*,#1111,.T.);
#1763=ORIENTED_EDGE('',*,*,#1114,.T.);
#1764=ORIENTED_EDGE('',*,*,#1117,.T.);
#1765=ORIENTED_EDGE('',*,*,#1120,.T.);
#1766=ORIENTED_EDGE('',*,*,#1122,.T.);
#1767=ORIENTED_EDGE('',*,*,#1125,.T.);
#1768=ORIENTED_EDGE('',*,*,#1129,.T.);
#1769=ORIENTED_EDGE('',*,*,#1132,.T.);
#1770=ORIENTED_EDGE('',*,*,#1135,.T.);
#1771=ORIENTED_EDGE('',*,*,#1138,.T.);
#1772=ORIENTED_EDGE('',*,*,#1141,.T.);
#1773=ORIENTED_EDGE('',*,*,#1144,.T.);
#1774=ORIENTED_EDGE('',*,*,#1146,.T.);
#1775=ORIENTED_EDGE('',*,*,#1149,.T.);
#1776=ORIENTED_EDGE('',*,*,#1153,.T.);
#1777=ORIENTED_EDGE('',*,*,#1156,.T.);
#1778=ORIENTED_EDGE('',*,*,#1159,.T.);
#1779=ORIENTED_EDGE('',*,*,#1162,.T.);
#1780=ORIENTED_EDGE('',*,*,#1165,.T.);
#1781=ORIENTED_EDGE('',*,*,#1168,.T.);
#1782=ORIENTED_EDGE('',*,*,#1170,.T.);
#1783=ORIENTED_EDGE('',*,*,#1173,.T.);
#1784=ORIENTED_EDGE('',*,*,#1177,.T.);
#1785=ORIENTED_EDGE('',*,*,#1180,.T.);
#1786=ORIENTED_EDGE('',*,*,#1183,.T.);
#1787=ORIENTED_EDGE('',*,*,#1186,.T.);
#1788=ORIENTED_EDGE('',*,*,#1189,.T.);
#1789=ORIENTED_EDGE('',*,*,#1192,.T.);
#1790=ORIENTED_EDGE('',*,*,#1194,.T.);
#1791=ORIENTED_EDGE('',*,*,#1197,.T.);
#1792=ORIENTED_EDGE('',*,*,#1201,.T.);
#1793=ORIENTED_EDGE('',*,*,#1204,.T.);
#1794=ORIENTED_EDGE('',*,*,#1207,.T.);
#1795=ORIENTED_EDGE('',*,*,#1210,.T.);
#1796=ORIENTED_EDGE('',*,*,#1213,.T.);
#1797=ORIENTED_EDGE('',*,*,#1216,.T.);
#1798=ORIENTED_EDGE('',*,*,#1218,.T.);
#1799=ORIENTED_EDGE('',*,*,#1221,.T.);
#1800=ORIENTED_EDGE('',*,*,#1225,.T.);
#1801=ORIENTED_EDGE('',*,*,#1228,.T.);
#1802=ORIENTED_EDGE('',*,*,#1231,.T.);
#1803=ORIENTED_EDGE('',*,*,#1234,.T.);
#1804=ORIENTED_EDGE('',*,*,#1237,.T.);
#1805=ORIENTED_EDGE('',*,*,#1240,.T.);
#1806=ORIENTED_EDGE('',*,*,#1242,.T.);
#1807=ORIENTED_EDGE('',*,*,#1245,.T.);
#1808=ORIENTED_EDGE('',*,*,#1249,.T.);
#1809=ORIENTED_EDGE('',*,*,#1252,.T.);
#1810=ORIENTED_EDGE('',*,*,#1255,.T.);
#1811=ORIENTED_EDGE('',*,*,#1258,.T.);
#1812=ORIENTED_EDGE('',*,*,#1261,.T.);
#1813=ORIENTED_EDGE('',*,*,#1264,.T.);
#1814=ORIENTED_EDGE('',*,*,#1266,.T.);
#1815=ORIENTED_EDGE('',*,*,#1269,.T.);
#1816=ORIENTED_EDGE('',*,*,#1273,.T.);
#1817=ORIENTED_EDGE('',*,*,#1276,.T.);
#1818=ORIENTED_EDGE('',*,*,#1279,.T.);
#1819=ORIENTED_EDGE('',*,*,#1282,.T.);
#1820=ORIENTED_EDGE('',*,*,#1285,.T.);
#1821=ORIENTED_EDGE('',*,*,#1288,.T.);
#1822=ORIENTED_EDGE('',*,*,#1290,.T.);
#1823=ORIENTED_EDGE('',*,*,#1300,.T.);
#1824=ORIENTED_EDGE('',*,*,#1297,.T.);
#1825=ORIENTED_EDGE('',*,*,#1294,.T.);
#1826=ORIENTED_EDGE('',*,*,#1291,.T.);
#1827=ORIENTED_EDGE('',*,*,#1325,.F.);
#1828=ORIENTED_EDGE('',*,*,#1303,.T.);
#1829=ORIENTED_EDGE('',*,*,#1307,.F.);
#1830=ORIENTED_EDGE('',*,*,#1310,.T.);
#1831=ORIENTED_EDGE('',*,*,#1313,.F.);
#1832=ORIENTED_EDGE('',*,*,#1316,.T.);
#1833=ORIENTED_EDGE('',*,*,#1319,.F.);
#1834=ORIENTED_EDGE('',*,*,#1322,.T.);
#1835=ORIENTED_EDGE('',*,*,#1027,.T.);
#1836=ORIENTED_EDGE('',*,*,#1049,.T.);
#1837=ORIENTED_EDGE('',*,*,#1046,.T.);
#1838=ORIENTED_EDGE('',*,*,#1043,.T.);
#1839=ORIENTED_EDGE('',*,*,#1040,.T.);
#1840=ORIENTED_EDGE('',*,*,#1037,.T.);
#1841=ORIENTED_EDGE('',*,*,#1034,.T.);
#1842=ORIENTED_EDGE('',*,*,#1031,.T.);
#1843=ORIENTED_EDGE('',*,*,#1051,.T.);
#1844=ORIENTED_EDGE('',*,*,#1073,.T.);
#1845=ORIENTED_EDGE('',*,*,#1070,.T.);
#1846=ORIENTED_EDGE('',*,*,#1067,.T.);
#1847=ORIENTED_EDGE('',*,*,#1064,.T.);
#1848=ORIENTED_EDGE('',*,*,#1061,.T.);
#1849=ORIENTED_EDGE('',*,*,#1058,.T.);
#1850=ORIENTED_EDGE('',*,*,#1055,.T.);
#1851=ORIENTED_EDGE('',*,*,#1075,.T.);
#1852=ORIENTED_EDGE('',*,*,#1097,.T.);
#1853=ORIENTED_EDGE('',*,*,#1094,.T.);
#1854=ORIENTED_EDGE('',*,*,#1091,.T.);
#1855=ORIENTED_EDGE('',*,*,#1088,.T.);
#1856=ORIENTED_EDGE('',*,*,#1085,.T.);
#1857=ORIENTED_EDGE('',*,*,#1082,.T.);
#1858=ORIENTED_EDGE('',*,*,#1079,.T.);
#1859=ORIENTED_EDGE('',*,*,#1099,.T.);
#1860=ORIENTED_EDGE('',*,*,#1121,.T.);
#1861=ORIENTED_EDGE('',*,*,#1118,.T.);
#1862=ORIENTED_EDGE('',*,*,#1115,.T.);
#1863=ORIENTED_EDGE('',*,*,#1112,.T.);
#1864=ORIENTED_EDGE('',*,*,#1109,.T.);
#1865=ORIENTED_EDGE('',*,*,#1106,.T.);
#1866=ORIENTED_EDGE('',*,*,#1103,.T.);
#1867=ORIENTED_EDGE('',*,*,#1123,.T.);
#1868=ORIENTED_EDGE('',*,*,#1145,.T.);
#1869=ORIENTED_EDGE('',*,*,#1142,.T.);
#1870=ORIENTED_EDGE('',*,*,#1139,.T.);
#1871=ORIENTED_EDGE('',*,*,#1136,.T.);
#1872=ORIENTED_EDGE('',*,*,#1133,.T.);
#1873=ORIENTED_EDGE('',*,*,#1130,.T.);
#1874=ORIENTED_EDGE('',*,*,#1127,.T.);
#1875=ORIENTED_EDGE('',*,*,#1147,.T.);
#1876=ORIENTED_EDGE('',*,*,#1169,.T.);
#1877=ORIENTED_EDGE('',*,*,#1166,.T.);
#1878=ORIENTED_EDGE('',*,*,#1163,.T.);
#1879=ORIENTED_EDGE('',*,*,#1160,.T.);
#1880=ORIENTED_EDGE('',*,*,#1157,.T.);
#1881=ORIENTED_EDGE('',*,*,#1154,.T.);
#1882=ORIENTED_EDGE('',*,*,#1151,.T.);
#1883=ORIENTED_EDGE('',*,*,#1171,.T.);
#1884=ORIENTED_EDGE('',*,*,#1193,.T.);
#1885=ORIENTED_EDGE('',*,*,#1190,.T.);
#1886=ORIENTED_EDGE('',*,*,#1187,.T.);
#1887=ORIENTED_EDGE('',*,*,#1184,.T.);
#1888=ORIENTED_EDGE('',*,*,#1181,.T.);
#1889=ORIENTED_EDGE('',*,*,#1178,.T.);
#1890=ORIENTED_EDGE('',*,*,#1175,.T.);
#1891=ORIENTED_EDGE('',*,*,#1195,.T.);
#1892=ORIENTED_EDGE('',*,*,#1217,.T.);
#1893=ORIENTED_EDGE('',*,*,#1214,.T.);
#1894=ORIENTED_EDGE('',*,*,#1211,.T.);
#1895=ORIENTED_EDGE('',*,*,#1208,.T.);
#1896=ORIENTED_EDGE('',*,*,#1205,.T.);
#1897=ORIENTED_EDGE('',*,*,#1202,.T.);
#1898=ORIENTED_EDGE('',*,*,#1199,.T.);
#1899=ORIENTED_EDGE('',*,*,#1219,.T.);
#1900=ORIENTED_EDGE('',*,*,#1241,.T.);
#1901=ORIENTED_EDGE('',*,*,#1238,.T.);
#1902=ORIENTED_EDGE('',*,*,#1235,.T.);
#1903=ORIENTED_EDGE('',*,*,#1232,.T.);
#1904=ORIENTED_EDGE('',*,*,#1229,.T.);
#1905=ORIENTED_EDGE('',*,*,#1226,.T.);
#1906=ORIENTED_EDGE('',*,*,#1223,.T.);
#1907=ORIENTED_EDGE('',*,*,#1243,.T.);
#1908=ORIENTED_EDGE('',*,*,#1265,.T.);
#1909=ORIENTED_EDGE('',*,*,#1262,.T.);
#1910=ORIENTED_EDGE('',*,*,#1259,.T.);
#1911=ORIENTED_EDGE('',*,*,#1256,.T.);
#1912=ORIENTED_EDGE('',*,*,#1253,.T.);
#1913=ORIENTED_EDGE('',*,*,#1250,.T.);
#1914=ORIENTED_EDGE('',*,*,#1247,.T.);
#1915=ORIENTED_EDGE('',*,*,#1267,.T.);
#1916=ORIENTED_EDGE('',*,*,#1289,.T.);
#1917=ORIENTED_EDGE('',*,*,#1286,.T.);
#1918=ORIENTED_EDGE('',*,*,#1283,.T.);
#1919=ORIENTED_EDGE('',*,*,#1280,.T.);
#1920=ORIENTED_EDGE('',*,*,#1277,.T.);
#1921=ORIENTED_EDGE('',*,*,#1274,.T.);
#1922=ORIENTED_EDGE('',*,*,#1271,.T.);
#1923=ORIENTED_EDGE('',*,*,#1302,.F.);
#1924=ORIENTED_EDGE('',*,*,#1299,.F.);
#1925=ORIENTED_EDGE('',*,*,#1296,.F.);
#1926=ORIENTED_EDGE('',*,*,#1293,.F.);
#1927=PLANE('',#2093);
#1928=PLANE('',#2097);
#1929=PLANE('',#2101);
#1930=PLANE('',#2105);
#1931=PLANE('',#2109);
#1932=PLANE('',#2113);
#1933=PLANE('',#2117);
#1934=PLANE('',#2121);
#1935=PLANE('',#2125);
#1936=PLANE('',#2129);
#1937=PLANE('',#2133);
#1938=PLANE('',#2137);
#1939=PLANE('',#2141);
#1940=PLANE('',#2145);
#1941=PLANE('',#2149);
#1942=PLANE('',#2153);
#1943=PLANE('',#2157);
#1944=PLANE('',#2161);
#1945=PLANE('',#2165);
#1946=PLANE('',#2169);
#1947=PLANE('',#2173);
#1948=PLANE('',#2177);
#1949=PLANE('',#2181);
#1950=PLANE('',#2185);
#1951=PLANE('',#2189);
#1952=PLANE('',#2193);
#1953=PLANE('',#2197);
#1954=PLANE('',#2201);
#1955=PLANE('',#2205);
#1956=PLANE('',#2209);
#1957=PLANE('',#2213);
#1958=PLANE('',#2217);
#1959=PLANE('',#2221);
#1960=PLANE('',#2225);
#1961=PLANE('',#2229);
#1962=PLANE('',#2233);
#1963=PLANE('',#2237);
#1964=PLANE('',#2241);
#1965=PLANE('',#2245);
#1966=PLANE('',#2249);
#1967=PLANE('',#2253);
#1968=PLANE('',#2257);
#1969=PLANE('',#2261);
#1970=PLANE('',#2265);
#1971=PLANE('',#2281);
#1972=PLANE('',#2285);
#1973=PLANE('',#2289);
#1974=PLANE('',#2293);
#1975=PLANE('',#2297);
#1976=PLANE('',#2298);
#1977=ADVANCED_FACE('',(#201),#1927,.F.);
#1978=ADVANCED_FACE('',(#202),#149,.F.);
#1979=ADVANCED_FACE('',(#203),#1928,.F.);
#1980=ADVANCED_FACE('',(#204),#150,.F.);
#1981=ADVANCED_FACE('',(#205),#1929,.F.);
#1982=ADVANCED_FACE('',(#206),#151,.F.);
#1983=ADVANCED_FACE('',(#207),#1930,.F.);
#1984=ADVANCED_FACE('',(#208),#152,.F.);
#1985=ADVANCED_FACE('',(#209),#1931,.F.);
#1986=ADVANCED_FACE('',(#210),#153,.F.);
#1987=ADVANCED_FACE('',(#211),#1932,.F.);
#1988=ADVANCED_FACE('',(#212),#154,.F.);
#1989=ADVANCED_FACE('',(#213),#1933,.F.);
#1990=ADVANCED_FACE('',(#214),#155,.F.);
#1991=ADVANCED_FACE('',(#215),#1934,.F.);
#1992=ADVANCED_FACE('',(#216),#156,.F.);
#1993=ADVANCED_FACE('',(#217),#1935,.F.);
#1994=ADVANCED_FACE('',(#218),#157,.F.);
#1995=ADVANCED_FACE('',(#219),#1936,.F.);
#1996=ADVANCED_FACE('',(#220),#158,.F.);
#1997=ADVANCED_FACE('',(#221),#1937,.F.);
#1998=ADVANCED_FACE('',(#222),#159,.F.);
#1999=ADVANCED_FACE('',(#223),#1938,.F.);
#2000=ADVANCED_FACE('',(#224),#160,.F.);
#2001=ADVANCED_FACE('',(#225),#1939,.F.);
#2002=ADVANCED_FACE('',(#226),#161,.F.);
#2003=ADVANCED_FACE('',(#227),#1940,.F.);
#2004=ADVANCED_FACE('',(#228),#162,.F.);
#2005=ADVANCED_FACE('',(#229),#1941,.F.);
#2006=ADVANCED_FACE('',(#230),#163,.F.);
#2007=ADVANCED_FACE('',(#231),#1942,.F.);
#2008=ADVANCED_FACE('',(#232),#164,.F.);
#2009=ADVANCED_FACE('',(#233),#1943,.F.);
#2010=ADVANCED_FACE('',(#234),#165,.F.);
#2011=ADVANCED_FACE('',(#235),#1944,.F.);
#2012=ADVANCED_FACE('',(#236),#166,.F.);
#2013=ADVANCED_FACE('',(#237),#1945,.F.);
#2014=ADVANCED_FACE('',(#238),#167,.F.);
#2015=ADVANCED_FACE('',(#239),#1946,.F.);
#2016=ADVANCED_FACE('',(#240),#168,.F.);
#2017=ADVANCED_FACE('',(#241),#1947,.F.);
#2018=ADVANCED_FACE('',(#242),#169,.F.);
#2019=ADVANCED_FACE('',(#243),#1948,.F.);
#2020=ADVANCED_FACE('',(#244),#170,.F.);
#2021=ADVANCED_FACE('',(#245),#1949,.F.);
#2022=ADVANCED_FACE('',(#246),#171,.F.);
#2023=ADVANCED_FACE('',(#247),#1950,.F.);
#2024=ADVANCED_FACE('',(#248),#172,.F.);
#2025=ADVANCED_FACE('',(#249),#1951,.F.);
#2026=ADVANCED_FACE('',(#250),#173,.F.);
#2027=ADVANCED_FACE('',(#251),#1952,.F.);
#2028=ADVANCED_FACE('',(#252),#174,.F.);
#2029=ADVANCED_FACE('',(#253),#1953,.F.);
#2030=ADVANCED_FACE('',(#254),#175,.F.);
#2031=ADVANCED_FACE('',(#255),#1954,.F.);
#2032=ADVANCED_FACE('',(#256),#176,.F.);
#2033=ADVANCED_FACE('',(#257),#1955,.F.);
#2034=ADVANCED_FACE('',(#258),#177,.F.);
#2035=ADVANCED_FACE('',(#259),#1956,.F.);
#2036=ADVANCED_FACE('',(#260),#178,.F.);
#2037=ADVANCED_FACE('',(#261),#1957,.F.);
#2038=ADVANCED_FACE('',(#262),#179,.F.);
#2039=ADVANCED_FACE('',(#263),#1958,.F.);
#2040=ADVANCED_FACE('',(#264),#180,.F.);
#2041=ADVANCED_FACE('',(#265),#1959,.F.);
#2042=ADVANCED_FACE('',(#266),#181,.F.);
#2043=ADVANCED_FACE('',(#267),#1960,.F.);
#2044=ADVANCED_FACE('',(#268),#182,.F.);
#2045=ADVANCED_FACE('',(#269),#1961,.F.);
#2046=ADVANCED_FACE('',(#270),#183,.F.);
#2047=ADVANCED_FACE('',(#271),#1962,.F.);
#2048=ADVANCED_FACE('',(#272),#184,.F.);
#2049=ADVANCED_FACE('',(#273),#1963,.F.);
#2050=ADVANCED_FACE('',(#274),#185,.F.);
#2051=ADVANCED_FACE('',(#275),#1964,.F.);
#2052=ADVANCED_FACE('',(#276),#186,.F.);
#2053=ADVANCED_FACE('',(#277),#1965,.F.);
#2054=ADVANCED_FACE('',(#278),#187,.F.);
#2055=ADVANCED_FACE('',(#279),#1966,.F.);
#2056=ADVANCED_FACE('',(#280),#188,.F.);
#2057=ADVANCED_FACE('',(#281),#1967,.F.);
#2058=ADVANCED_FACE('',(#282),#189,.F.);
#2059=ADVANCED_FACE('',(#283),#1968,.F.);
#2060=ADVANCED_FACE('',(#284),#190,.F.);
#2061=ADVANCED_FACE('',(#285),#1969,.F.);
#2062=ADVANCED_FACE('',(#286),#191,.F.);
#2063=ADVANCED_FACE('',(#287),#1970,.F.);
#2064=ADVANCED_FACE('',(#288),#192,.F.);
#2065=ADVANCED_FACE('',(#289),#193,.F.);
#2066=ADVANCED_FACE('',(#290),#194,.F.);
#2067=ADVANCED_FACE('',(#291),#195,.F.);
#2068=ADVANCED_FACE('',(#292),#196,.F.);
#2069=ADVANCED_FACE('',(#293),#1971,.T.);
#2070=ADVANCED_FACE('',(#294),#197,.T.);
#2071=ADVANCED_FACE('',(#295),#1972,.T.);
#2072=ADVANCED_FACE('',(#296),#198,.T.);
#2073=ADVANCED_FACE('',(#297),#1973,.T.);
#2074=ADVANCED_FACE('',(#298),#199,.T.);
#2075=ADVANCED_FACE('',(#299),#1974,.T.);
#2076=ADVANCED_FACE('',(#300),#200,.T.);
#2077=ADVANCED_FACE('',(#301,#15,#16,#17,#18,#19,#20,#21,#22,#23,#24,#25,
#26,#27,#28,#29),#1975,.T.);
#2078=ADVANCED_FACE('',(#302,#30,#31,#32,#33,#34,#35,#36,#37,#38,#39,#40,
#41,#42,#43,#44),#1976,.F.);
#2079=CLOSED_SHELL('',(#1977,#1978,#1979,#1980,#1981,#1982,#1983,#1984,
#1985,#1986,#1987,#1988,#1989,#1990,#1991,#1992,#1993,#1994,#1995,#1996,
#1997,#1998,#1999,#2000,#2001,#2002,#2003,#2004,#2005,#2006,#2007,#2008,
#2009,#2010,#2011,#2012,#2013,#2014,#2015,#2016,#2017,#2018,#2019,#2020,
#2021,#2022,#2023,#2024,#2025,#2026,#2027,#2028,#2029,#2030,#2031,#2032,
#2033,#2034,#2035,#2036,#2037,#2038,#2039,#2040,#2041,#2042,#2043,#2044,
#2045,#2046,#2047,#2048,#2049,#2050,#2051,#2052,#2053,#2054,#2055,#2056,
#2057,#2058,#2059,#2060,#2061,#2062,#2063,#2064,#2065,#2066,#2067,#2068,
#2069,#2070,#2071,#2072,#2073,#2074,#2075,#2076,#2077,#2078));
#2080=DERIVED_UNIT_ELEMENT(#2082,1.);
#2081=DERIVED_UNIT_ELEMENT(#3517,-3.);
#2082=(
MASS_UNIT()
NAMED_UNIT(*)
SI_UNIT(.KILO.,.GRAM.)
);
#2083=DERIVED_UNIT((#2080,#2081));
#2084=MEASURE_REPRESENTATION_ITEM('density measure',
POSITIVE_RATIO_MEASURE(7850.),#2083);
#2085=PROPERTY_DEFINITION_REPRESENTATION(#2090,#2087);
#2086=PROPERTY_DEFINITION_REPRESENTATION(#2091,#2088);
#2087=REPRESENTATION('material name',(#2089),#3514);
#2088=REPRESENTATION('density',(#2084),#3514);
#2089=DESCRIPTIVE_REPRESENTATION_ITEM('Steel','Steel');
#2090=PROPERTY_DEFINITION('material property','material name',#3524);
#2091=PROPERTY_DEFINITION('material property','density of part',#3524);
#2092=AXIS2_PLACEMENT_3D('',#2909,#2299,#2300);
#2093=AXIS2_PLACEMENT_3D('',#2910,#2301,#2302);
#2094=AXIS2_PLACEMENT_3D('',#2919,#2307,#2308);
#2095=AXIS2_PLACEMENT_3D('',#2921,#2309,#2310);
#2096=AXIS2_PLACEMENT_3D('',#2924,#2312,#2313);
#2097=AXIS2_PLACEMENT_3D('',#2925,#2314,#2315);
#2098=AXIS2_PLACEMENT_3D('',#2931,#2319,#2320);
#2099=AXIS2_PLACEMENT_3D('',#2933,#2321,#2322);
#2100=AXIS2_PLACEMENT_3D('',#2936,#2324,#2325);
#2101=AXIS2_PLACEMENT_3D('',#2937,#2326,#2327);
#2102=AXIS2_PLACEMENT_3D('',#2943,#2331,#2332);
#2103=AXIS2_PLACEMENT_3D('',#2945,#2333,#2334);
#2104=AXIS2_PLACEMENT_3D('',#2948,#2336,#2337);
#2105=AXIS2_PLACEMENT_3D('',#2949,#2338,#2339);
#2106=AXIS2_PLACEMENT_3D('',#2955,#2343,#2344);
#2107=AXIS2_PLACEMENT_3D('',#2956,#2345,#2346);
#2108=AXIS2_PLACEMENT_3D('',#2957,#2347,#2348);
#2109=AXIS2_PLACEMENT_3D('',#2958,#2349,#2350);
#2110=AXIS2_PLACEMENT_3D('',#2967,#2355,#2356);
#2111=AXIS2_PLACEMENT_3D('',#2969,#2357,#2358);
#2112=AXIS2_PLACEMENT_3D('',#2972,#2360,#2361);
#2113=AXIS2_PLACEMENT_3D('',#2973,#2362,#2363);
#2114=AXIS2_PLACEMENT_3D('',#2979,#2367,#2368);
#2115=AXIS2_PLACEMENT_3D('',#2981,#2369,#2370);
#2116=AXIS2_PLACEMENT_3D('',#2984,#2372,#2373);
#2117=AXIS2_PLACEMENT_3D('',#2985,#2374,#2375);
#2118=AXIS2_PLACEMENT_3D('',#2991,#2379,#2380);
#2119=AXIS2_PLACEMENT_3D('',#2993,#2381,#2382);
#2120=AXIS2_PLACEMENT_3D('',#2996,#2384,#2385);
#2121=AXIS2_PLACEMENT_3D('',#2997,#2386,#2387);
#2122=AXIS2_PLACEMENT_3D('',#3003,#2391,#2392);
#2123=AXIS2_PLACEMENT_3D('',#3004,#2393,#2394);
#2124=AXIS2_PLACEMENT_3D('',#3005,#2395,#2396);
#2125=AXIS2_PLACEMENT_3D('',#3006,#2397,#2398);
#2126=AXIS2_PLACEMENT_3D('',#3015,#2403,#2404);
#2127=AXIS2_PLACEMENT_3D('',#3017,#2405,#2406);
#2128=AXIS2_PLACEMENT_3D('',#3020,#2408,#2409);
#2129=AXIS2_PLACEMENT_3D('',#3021,#2410,#2411);
#2130=AXIS2_PLACEMENT_3D('',#3027,#2415,#2416);
#2131=AXIS2_PLACEMENT_3D('',#3029,#2417,#2418);
#2132=AXIS2_PLACEMENT_3D('',#3032,#2420,#2421);
#2133=AXIS2_PLACEMENT_3D('',#3033,#2422,#2423);
#2134=AXIS2_PLACEMENT_3D('',#3039,#2427,#2428);
#2135=AXIS2_PLACEMENT_3D('',#3041,#2429,#2430);
#2136=AXIS2_PLACEMENT_3D('',#3044,#2432,#2433);
#2137=AXIS2_PLACEMENT_3D('',#3045,#2434,#2435);
#2138=AXIS2_PLACEMENT_3D('',#3051,#2439,#2440);
#2139=AXIS2_PLACEMENT_3D('',#3052,#2441,#2442);
#2140=AXIS2_PLACEMENT_3D('',#3053,#2443,#2444);
#2141=AXIS2_PLACEMENT_3D('',#3054,#2445,#2446);
#2142=AXIS2_PLACEMENT_3D('',#3063,#2451,#2452);
#2143=AXIS2_PLACEMENT_3D('',#3065,#2453,#2454);
#2144=AXIS2_PLACEMENT_3D('',#3068,#2456,#2457);
#2145=AXIS2_PLACEMENT_3D('',#3069,#2458,#2459);
#2146=AXIS2_PLACEMENT_3D('',#3075,#2463,#2464);
#2147=AXIS2_PLACEMENT_3D('',#3077,#2465,#2466);
#2148=AXIS2_PLACEMENT_3D('',#3080,#2468,#2469);
#2149=AXIS2_PLACEMENT_3D('',#3081,#2470,#2471);
#2150=AXIS2_PLACEMENT_3D('',#3087,#2475,#2476);
#2151=AXIS2_PLACEMENT_3D('',#3089,#2477,#2478);
#2152=AXIS2_PLACEMENT_3D('',#3092,#2480,#2481);
#2153=AXIS2_PLACEMENT_3D('',#3093,#2482,#2483);
#2154=AXIS2_PLACEMENT_3D('',#3099,#2487,#2488);
#2155=AXIS2_PLACEMENT_3D('',#3100,#2489,#2490);
#2156=AXIS2_PLACEMENT_3D('',#3101,#2491,#2492);
#2157=AXIS2_PLACEMENT_3D('',#3102,#2493,#2494);
#2158=AXIS2_PLACEMENT_3D('',#3111,#2499,#2500);
#2159=AXIS2_PLACEMENT_3D('',#3113,#2501,#2502);
#2160=AXIS2_PLACEMENT_3D('',#3116,#2504,#2505);
#2161=AXIS2_PLACEMENT_3D('',#3117,#2506,#2507);
#2162=AXIS2_PLACEMENT_3D('',#3123,#2511,#2512);
#2163=AXIS2_PLACEMENT_3D('',#3125,#2513,#2514);
#2164=AXIS2_PLACEMENT_3D('',#3128,#2516,#2517);
#2165=AXIS2_PLACEMENT_3D('',#3129,#2518,#2519);
#2166=AXIS2_PLACEMENT_3D('',#3135,#2523,#2524);
#2167=AXIS2_PLACEMENT_3D('',#3137,#2525,#2526);
#2168=AXIS2_PLACEMENT_3D('',#3140,#2528,#2529);
#2169=AXIS2_PLACEMENT_3D('',#3141,#2530,#2531);
#2170=AXIS2_PLACEMENT_3D('',#3147,#2535,#2536);
#2171=AXIS2_PLACEMENT_3D('',#3148,#2537,#2538);
#2172=AXIS2_PLACEMENT_3D('',#3149,#2539,#2540);
#2173=AXIS2_PLACEMENT_3D('',#3150,#2541,#2542);
#2174=AXIS2_PLACEMENT_3D('',#3159,#2547,#2548);
#2175=AXIS2_PLACEMENT_3D('',#3161,#2549,#2550);
#2176=AXIS2_PLACEMENT_3D('',#3164,#2552,#2553);
#2177=AXIS2_PLACEMENT_3D('',#3165,#2554,#2555);
#2178=AXIS2_PLACEMENT_3D('',#3171,#2559,#2560);
#2179=AXIS2_PLACEMENT_3D('',#3173,#2561,#2562);
#2180=AXIS2_PLACEMENT_3D('',#3176,#2564,#2565);
#2181=AXIS2_PLACEMENT_3D('',#3177,#2566,#2567);
#2182=AXIS2_PLACEMENT_3D('',#3183,#2571,#2572);
#2183=AXIS2_PLACEMENT_3D('',#3185,#2573,#2574);
#2184=AXIS2_PLACEMENT_3D('',#3188,#2576,#2577);
#2185=AXIS2_PLACEMENT_3D('',#3189,#2578,#2579);
#2186=AXIS2_PLACEMENT_3D('',#3195,#2583,#2584);
#2187=AXIS2_PLACEMENT_3D('',#3196,#2585,#2586);
#2188=AXIS2_PLACEMENT_3D('',#3197,#2587,#2588);
#2189=AXIS2_PLACEMENT_3D('',#3198,#2589,#2590);
#2190=AXIS2_PLACEMENT_3D('',#3207,#2595,#2596);
#2191=AXIS2_PLACEMENT_3D('',#3209,#2597,#2598);
#2192=AXIS2_PLACEMENT_3D('',#3212,#2600,#2601);
#2193=AXIS2_PLACEMENT_3D('',#3213,#2602,#2603);
#2194=AXIS2_PLACEMENT_3D('',#3219,#2607,#2608);
#2195=AXIS2_PLACEMENT_3D('',#3221,#2609,#2610);
#2196=AXIS2_PLACEMENT_3D('',#3224,#2612,#2613);
#2197=AXIS2_PLACEMENT_3D('',#3225,#2614,#2615);
#2198=AXIS2_PLACEMENT_3D('',#3231,#2619,#2620);
#2199=AXIS2_PLACEMENT_3D('',#3233,#2621,#2622);
#2200=AXIS2_PLACEMENT_3D('',#3236,#2624,#2625);
#2201=AXIS2_PLACEMENT_3D('',#3237,#2626,#2627);
#2202=AXIS2_PLACEMENT_3D('',#3243,#2631,#2632);
#2203=AXIS2_PLACEMENT_3D('',#3244,#2633,#2634);
#2204=AXIS2_PLACEMENT_3D('',#3245,#2635,#2636);
#2205=AXIS2_PLACEMENT_3D('',#3246,#2637,#2638);
#2206=AXIS2_PLACEMENT_3D('',#3255,#2643,#2644);
#2207=AXIS2_PLACEMENT_3D('',#3257,#2645,#2646);
#2208=AXIS2_PLACEMENT_3D('',#3260,#2648,#2649);
#2209=AXIS2_PLACEMENT_3D('',#3261,#2650,#2651);
#2210=AXIS2_PLACEMENT_3D('',#3267,#2655,#2656);
#2211=AXIS2_PLACEMENT_3D('',#3269,#2657,#2658);
#2212=AXIS2_PLACEMENT_3D('',#3272,#2660,#2661);
#2213=AXIS2_PLACEMENT_3D('',#3273,#2662,#2663);
#2214=AXIS2_PLACEMENT_3D('',#3279,#2667,#2668);
#2215=AXIS2_PLACEMENT_3D('',#3281,#2669,#2670);
#2216=AXIS2_PLACEMENT_3D('',#3284,#2672,#2673);
#2217=AXIS2_PLACEMENT_3D('',#3285,#2674,#2675);
#2218=AXIS2_PLACEMENT_3D('',#3291,#2679,#2680);
#2219=AXIS2_PLACEMENT_3D('',#3292,#2681,#2682);
#2220=AXIS2_PLACEMENT_3D('',#3293,#2683,#2684);
#2221=AXIS2_PLACEMENT_3D('',#3294,#2685,#2686);
#2222=AXIS2_PLACEMENT_3D('',#3303,#2691,#2692);
#2223=AXIS2_PLACEMENT_3D('',#3305,#2693,#2694);
#2224=AXIS2_PLACEMENT_3D('',#3308,#2696,#2697);
#2225=AXIS2_PLACEMENT_3D('',#3309,#2698,#2699);
#2226=AXIS2_PLACEMENT_3D('',#3315,#2703,#2704);
#2227=AXIS2_PLACEMENT_3D('',#3317,#2705,#2706);
#2228=AXIS2_PLACEMENT_3D('',#3320,#2708,#2709);
#2229=AXIS2_PLACEMENT_3D('',#3321,#2710,#2711);
#2230=AXIS2_PLACEMENT_3D('',#3327,#2715,#2716);
#2231=AXIS2_PLACEMENT_3D('',#3329,#2717,#2718);
#2232=AXIS2_PLACEMENT_3D('',#3332,#2720,#2721);
#2233=AXIS2_PLACEMENT_3D('',#3333,#2722,#2723);
#2234=AXIS2_PLACEMENT_3D('',#3339,#2727,#2728);
#2235=AXIS2_PLACEMENT_3D('',#3340,#2729,#2730);
#2236=AXIS2_PLACEMENT_3D('',#3341,#2731,#2732);
#2237=AXIS2_PLACEMENT_3D('',#3342,#2733,#2734);
#2238=AXIS2_PLACEMENT_3D('',#3351,#2739,#2740);
#2239=AXIS2_PLACEMENT_3D('',#3353,#2741,#2742);
#2240=AXIS2_PLACEMENT_3D('',#3356,#2744,#2745);
#2241=AXIS2_PLACEMENT_3D('',#3357,#2746,#2747);
#2242=AXIS2_PLACEMENT_3D('',#3363,#2751,#2752);
#2243=AXIS2_PLACEMENT_3D('',#3365,#2753,#2754);
#2244=AXIS2_PLACEMENT_3D('',#3368,#2756,#2757);
#2245=AXIS2_PLACEMENT_3D('',#3369,#2758,#2759);
#2246=AXIS2_PLACEMENT_3D('',#3375,#2763,#2764);
#2247=AXIS2_PLACEMENT_3D('',#3377,#2765,#2766);
#2248=AXIS2_PLACEMENT_3D('',#3380,#2768,#2769);
#2249=AXIS2_PLACEMENT_3D('',#3381,#2770,#2771);
#2250=AXIS2_PLACEMENT_3D('',#3387,#2775,#2776);
#2251=AXIS2_PLACEMENT_3D('',#3388,#2777,#2778);
#2252=AXIS2_PLACEMENT_3D('',#3389,#2779,#2780);
#2253=AXIS2_PLACEMENT_3D('',#3390,#2781,#2782);
#2254=AXIS2_PLACEMENT_3D('',#3399,#2787,#2788);
#2255=AXIS2_PLACEMENT_3D('',#3401,#2789,#2790);
#2256=AXIS2_PLACEMENT_3D('',#3404,#2792,#2793);
#2257=AXIS2_PLACEMENT_3D('',#3405,#2794,#2795);
#2258=AXIS2_PLACEMENT_3D('',#3411,#2799,#2800);
#2259=AXIS2_PLACEMENT_3D('',#3413,#2801,#2802);
#2260=AXIS2_PLACEMENT_3D('',#3416,#2804,#2805);
#2261=AXIS2_PLACEMENT_3D('',#3417,#2806,#2807);
#2262=AXIS2_PLACEMENT_3D('',#3423,#2811,#2812);
#2263=AXIS2_PLACEMENT_3D('',#3425,#2813,#2814);
#2264=AXIS2_PLACEMENT_3D('',#3428,#2816,#2817);
#2265=AXIS2_PLACEMENT_3D('',#3429,#2818,#2819);
#2266=AXIS2_PLACEMENT_3D('',#3435,#2823,#2824);
#2267=AXIS2_PLACEMENT_3D('',#3436,#2825,#2826);
#2268=AXIS2_PLACEMENT_3D('',#3437,#2827,#2828);
#2269=AXIS2_PLACEMENT_3D('',#3438,#2829,#2830);
#2270=AXIS2_PLACEMENT_3D('',#3440,#2831,#2832);
#2271=AXIS2_PLACEMENT_3D('',#3443,#2834,#2835);
#2272=AXIS2_PLACEMENT_3D('',#3444,#2836,#2837);
#2273=AXIS2_PLACEMENT_3D('',#3446,#2838,#2839);
#2274=AXIS2_PLACEMENT_3D('',#3449,#2841,#2842);
#2275=AXIS2_PLACEMENT_3D('',#3450,#2843,#2844);
#2276=AXIS2_PLACEMENT_3D('',#3452,#2845,#2846);
#2277=AXIS2_PLACEMENT_3D('',#3455,#2848,#2849);
#2278=AXIS2_PLACEMENT_3D('',#3456,#2850,#2851);
#2279=AXIS2_PLACEMENT_3D('',#3458,#2852,#2853);
#2280=AXIS2_PLACEMENT_3D('',#3461,#2855,#2856);
#2281=AXIS2_PLACEMENT_3D('',#3462,#2857,#2858);
#2282=AXIS2_PLACEMENT_3D('',#3471,#2863,#2864);
#2283=AXIS2_PLACEMENT_3D('',#3473,#2865,#2866);
#2284=AXIS2_PLACEMENT_3D('',#3475,#2867,#2868);
#2285=AXIS2_PLACEMENT_3D('',#3477,#2870,#2871);
#2286=AXIS2_PLACEMENT_3D('',#3483,#2875,#2876);
#2287=AXIS2_PLACEMENT_3D('',#3485,#2877,#2878);
#2288=AXIS2_PLACEMENT_3D('',#3487,#2879,#2880);
#2289=AXIS2_PLACEMENT_3D('',#3489,#2882,#2883);
#2290=AXIS2_PLACEMENT_3D('',#3495,#2887,#2888);
#2291=AXIS2_PLACEMENT_3D('',#3497,#2889,#2890);
#2292=AXIS2_PLACEMENT_3D('',#3499,#2891,#2892);
#2293=AXIS2_PLACEMENT_3D('',#3501,#2894,#2895);
#2294=AXIS2_PLACEMENT_3D('',#3507,#2899,#2900);
#2295=AXIS2_PLACEMENT_3D('',#3508,#2901,#2902);
#2296=AXIS2_PLACEMENT_3D('',#3509,#2903,#2904);
#2297=AXIS2_PLACEMENT_3D('',#3510,#2905,#2906);
#2298=AXIS2_PLACEMENT_3D('',#3511,#2907,#2908);
#2299=DIRECTION('axis',(0.,0.,1.));
#2300=DIRECTION('refdir',(1.,0.,0.));
#2301=DIRECTION('center_axis',(7.65671051465625E-16,0.,1.));
#2302=DIRECTION('ref_axis',(1.,0.,-7.65671051465624E-16));
#2303=DIRECTION('',(1.,0.,-7.65671051465624E-16));
#2304=DIRECTION('',(0.,1.,0.));
#2305=DIRECTION('',(-1.,0.,7.65671051465624E-16));
#2306=DIRECTION('',(0.,1.,0.));
#2307=DIRECTION('center_axis',(0.,1.,0.));
#2308=DIRECTION('ref_axis',(-1.,0.,8.88178419700117E-15));
#2309=DIRECTION('center_axis',(0.,1.,0.));
#2310=DIRECTION('ref_axis',(-1.,0.,8.88178419700117E-15));
#2311=DIRECTION('',(0.,1.,0.));
#2312=DIRECTION('center_axis',(0.,-1.,0.));
#2313=DIRECTION('ref_axis',(-1.,0.,8.88178419700117E-15));
#2314=DIRECTION('center_axis',(-1.,0.,0.));
#2315=DIRECTION('ref_axis',(0.,0.,1.));
#2316=DIRECTION('',(0.,0.,1.));
#2317=DIRECTION('',(0.,1.,0.));
#2318=DIRECTION('',(0.,0.,-1.));
#2319=DIRECTION('center_axis',(0.,1.,0.));
#2320=DIRECTION('ref_axis',(-8.88178419700117E-15,0.,-1.));
#2321=DIRECTION('center_axis',(0.,1.,0.));
#2322=DIRECTION('ref_axis',(-8.88178419700117E-15,0.,-1.));
#2323=DIRECTION('',(0.,1.,0.));
#2324=DIRECTION('center_axis',(0.,-1.,0.));
#2325=DIRECTION('ref_axis',(-8.88178419700117E-15,0.,-1.));
#2326=DIRECTION('center_axis',(0.,0.,-1.));
#2327=DIRECTION('ref_axis',(-1.,0.,0.));
#2328=DIRECTION('',(-1.,0.,0.));
#2329=DIRECTION('',(0.,1.,0.));
#2330=DIRECTION('',(1.,0.,0.));
#2331=DIRECTION('center_axis',(0.,1.,0.));
#2332=DIRECTION('ref_axis',(1.,0.,8.88178419700128E-15));
#2333=DIRECTION('center_axis',(0.,1.,0.));
#2334=DIRECTION('ref_axis',(1.,0.,8.88178419700128E-15));
#2335=DIRECTION('',(0.,1.,0.));
#2336=DIRECTION('center_axis',(0.,-1.,0.));
#2337=DIRECTION('ref_axis',(1.,0.,8.88178419700128E-15));
#2338=DIRECTION('center_axis',(1.,0.,1.53134210293125E-15));
#2339=DIRECTION('ref_axis',(1.53134210293125E-15,0.,-1.));
#2340=DIRECTION('',(1.53134210293125E-15,0.,-1.));
#2341=DIRECTION('',(0.,1.,0.));
#2342=DIRECTION('',(-1.53134210293125E-15,0.,1.));
#2343=DIRECTION('center_axis',(0.,1.,0.));
#2344=DIRECTION('ref_axis',(-8.88178419700136E-15,0.,1.));
#2345=DIRECTION('center_axis',(0.,1.,0.));
#2346=DIRECTION('ref_axis',(-8.88178419700136E-15,0.,1.));
#2347=DIRECTION('center_axis',(0.,-1.,0.));
#2348=DIRECTION('ref_axis',(-8.88178419700136E-15,0.,1.));
#2349=DIRECTION('center_axis',(0.,0.,1.));
#2350=DIRECTION('ref_axis',(1.,0.,0.));
#2351=DIRECTION('',(1.,0.,0.));
#2352=DIRECTION('',(0.,1.,0.));
#2353=DIRECTION('',(-1.,0.,0.));
#2354=DIRECTION('',(0.,1.,0.));
#2355=DIRECTION('center_axis',(0.,1.,0.));
#2356=DIRECTION('ref_axis',(-1.,0.,4.4408920985006E-15));
#2357=DIRECTION('center_axis',(0.,1.,0.));
#2358=DIRECTION('ref_axis',(-1.,0.,4.4408920985006E-15));
#2359=DIRECTION('',(0.,1.,0.));
#2360=DIRECTION('center_axis',(0.,-1.,0.));
#2361=DIRECTION('ref_axis',(-1.,0.,4.4408920985006E-15));
#2362=DIRECTION('center_axis',(-1.,0.,7.65671051465626E-16));
#2363=DIRECTION('ref_axis',(7.65671051465626E-16,0.,1.));
#2364=DIRECTION('',(7.65671051465626E-16,0.,1.));
#2365=DIRECTION('',(0.,1.,0.));
#2366=DIRECTION('',(-7.65671051465626E-16,0.,-1.));
#2367=DIRECTION('center_axis',(0.,1.,0.));
#2368=DIRECTION('ref_axis',(-4.4408920985006E-15,0.,-1.));
#2369=DIRECTION('center_axis',(0.,1.,0.));
#2370=DIRECTION('ref_axis',(-4.4408920985006E-15,0.,-1.));
#2371=DIRECTION('',(0.,1.,0.));
#2372=DIRECTION('center_axis',(0.,-1.,0.));
#2373=DIRECTION('ref_axis',(-4.4408920985006E-15,0.,-1.));
#2374=DIRECTION('center_axis',(0.,0.,-1.));
#2375=DIRECTION('ref_axis',(-1.,0.,0.));
#2376=DIRECTION('',(-1.,0.,0.));
#2377=DIRECTION('',(0.,1.,0.));
#2378=DIRECTION('',(1.,0.,0.));
#2379=DIRECTION('center_axis',(0.,1.,0.));
#2380=DIRECTION('ref_axis',(1.,0.,-6.6613381477509E-15));
#2381=DIRECTION('center_axis',(0.,1.,0.));
#2382=DIRECTION('ref_axis',(1.,0.,-6.6613381477509E-15));
#2383=DIRECTION('',(0.,1.,0.));
#2384=DIRECTION('center_axis',(0.,-1.,0.));
#2385=DIRECTION('ref_axis',(1.,0.,-6.6613381477509E-15));
#2386=DIRECTION('center_axis',(1.,0.,0.));
#2387=DIRECTION('ref_axis',(0.,0.,-1.));
#2388=DIRECTION('',(0.,0.,-1.));
#2389=DIRECTION('',(0.,1.,0.));
#2390=DIRECTION('',(0.,0.,1.));
#2391=DIRECTION('center_axis',(0.,1.,0.));
#2392=DIRECTION('ref_axis',(8.88178419700117E-15,0.,1.));
#2393=DIRECTION('center_axis',(0.,1.,0.));
#2394=DIRECTION('ref_axis',(8.88178419700117E-15,0.,1.));
#2395=DIRECTION('center_axis',(0.,-1.,0.));
#2396=DIRECTION('ref_axis',(8.88178419700117E-15,0.,1.));
#2397=DIRECTION('center_axis',(-1.,0.,0.));
#2398=DIRECTION('ref_axis',(0.,0.,1.));
#2399=DIRECTION('',(0.,0.,1.));
#2400=DIRECTION('',(0.,1.,0.));
#2401=DIRECTION('',(0.,0.,-1.));
#2402=DIRECTION('',(0.,1.,0.));
#2403=DIRECTION('center_axis',(0.,1.,0.));
#2404=DIRECTION('ref_axis',(0.,0.,-1.));
#2405=DIRECTION('center_axis',(0.,1.,0.));
#2406=DIRECTION('ref_axis',(0.,0.,-1.));
#2407=DIRECTION('',(0.,1.,0.));
#2408=DIRECTION('center_axis',(0.,-1.,0.));
#2409=DIRECTION('ref_axis',(0.,0.,-1.));
#2410=DIRECTION('center_axis',(0.,0.,-1.));
#2411=DIRECTION('ref_axis',(-1.,0.,0.));
#2412=DIRECTION('',(-1.,0.,0.));
#2413=DIRECTION('',(0.,1.,0.));
#2414=DIRECTION('',(1.,0.,0.));
#2415=DIRECTION('center_axis',(0.,1.,0.));
#2416=DIRECTION('ref_axis',(1.,0.,-2.22044604925031E-15));
#2417=DIRECTION('center_axis',(0.,1.,0.));
#2418=DIRECTION('ref_axis',(1.,0.,-2.22044604925031E-15));
#2419=DIRECTION('',(0.,1.,0.));
#2420=DIRECTION('center_axis',(0.,-1.,0.));
#2421=DIRECTION('ref_axis',(1.,0.,-2.22044604925031E-15));
#2422=DIRECTION('center_axis',(1.,0.,0.));
#2423=DIRECTION('ref_axis',(0.,0.,-1.));
#2424=DIRECTION('',(0.,0.,-1.));
#2425=DIRECTION('',(0.,1.,0.));
#2426=DIRECTION('',(0.,0.,1.));
#2427=DIRECTION('center_axis',(0.,1.,0.));
#2428=DIRECTION('ref_axis',(2.22044604925031E-15,0.,1.));
#2429=DIRECTION('center_axis',(0.,1.,0.));
#2430=DIRECTION('ref_axis',(2.22044604925031E-15,0.,1.));
#2431=DIRECTION('',(0.,1.,0.));
#2432=DIRECTION('center_axis',(0.,-1.,0.));
#2433=DIRECTION('ref_axis',(2.22044604925031E-15,0.,1.));
#2434=DIRECTION('center_axis',(-3.82835525732813E-16,0.,1.));
#2435=DIRECTION('ref_axis',(1.,0.,3.82835525732813E-16));
#2436=DIRECTION('',(1.,0.,3.82835525732813E-16));
#2437=DIRECTION('',(0.,1.,0.));
#2438=DIRECTION('',(-1.,0.,-3.82835525732813E-16));
#2439=DIRECTION('center_axis',(0.,1.,0.));
#2440=DIRECTION('ref_axis',(-1.,0.,-2.22044604925032E-15));
#2441=DIRECTION('center_axis',(0.,1.,0.));
#2442=DIRECTION('ref_axis',(-1.,0.,-2.22044604925032E-15));
#2443=DIRECTION('center_axis',(0.,-1.,0.));
#2444=DIRECTION('ref_axis',(-1.,0.,-2.22044604925032E-15));
#2445=DIRECTION('center_axis',(0.,0.,1.));
#2446=DIRECTION('ref_axis',(1.,0.,0.));
#2447=DIRECTION('',(1.,0.,0.));
#2448=DIRECTION('',(0.,1.,0.));
#2449=DIRECTION('',(-1.,0.,0.));
#2450=DIRECTION('',(0.,1.,0.));
#2451=DIRECTION('center_axis',(0.,1.,0.));
#2452=DIRECTION('ref_axis',(-1.,0.,8.88178419700117E-15));
#2453=DIRECTION('center_axis',(0.,1.,0.));
#2454=DIRECTION('ref_axis',(-1.,0.,8.88178419700117E-15));
#2455=DIRECTION('',(0.,1.,0.));
#2456=DIRECTION('center_axis',(0.,-1.,0.));
#2457=DIRECTION('ref_axis',(-1.,0.,8.88178419700117E-15));
#2458=DIRECTION('center_axis',(-1.,0.,0.));
#2459=DIRECTION('ref_axis',(0.,0.,1.));
#2460=DIRECTION('',(0.,0.,1.));
#2461=DIRECTION('',(0.,1.,0.));
#2462=DIRECTION('',(0.,0.,-1.));
#2463=DIRECTION('center_axis',(0.,1.,0.));
#2464=DIRECTION('ref_axis',(-8.8817841970012E-15,0.,-1.));
#2465=DIRECTION('center_axis',(0.,1.,0.));
#2466=DIRECTION('ref_axis',(-8.8817841970012E-15,0.,-1.));
#2467=DIRECTION('',(0.,1.,0.));
#2468=DIRECTION('center_axis',(0.,-1.,0.));
#2469=DIRECTION('ref_axis',(-8.8817841970012E-15,0.,-1.));
#2470=DIRECTION('center_axis',(0.,0.,-1.));
#2471=DIRECTION('ref_axis',(-1.,0.,0.));
#2472=DIRECTION('',(-1.,0.,0.));
#2473=DIRECTION('',(0.,1.,0.));
#2474=DIRECTION('',(1.,0.,0.));
#2475=DIRECTION('center_axis',(0.,1.,0.));
#2476=DIRECTION('ref_axis',(1.,0.,2.22044604925032E-15));
#2477=DIRECTION('center_axis',(0.,1.,0.));
#2478=DIRECTION('ref_axis',(1.,0.,2.22044604925032E-15));
#2479=DIRECTION('',(0.,1.,0.));
#2480=DIRECTION('center_axis',(0.,-1.,0.));
#2481=DIRECTION('ref_axis',(1.,0.,2.22044604925032E-15));
#2482=DIRECTION('center_axis',(1.,0.,-1.53134210293125E-15));
#2483=DIRECTION('ref_axis',(-1.53134210293125E-15,0.,-1.));
#2484=DIRECTION('',(-1.53134210293125E-15,0.,-1.));
#2485=DIRECTION('',(0.,1.,0.));
#2486=DIRECTION('',(1.53134210293125E-15,0.,1.));
#2487=DIRECTION('center_axis',(0.,1.,0.));
#2488=DIRECTION('ref_axis',(-8.88178419700132E-15,0.,1.));
#2489=DIRECTION('center_axis',(0.,1.,0.));
#2490=DIRECTION('ref_axis',(-8.88178419700132E-15,0.,1.));
#2491=DIRECTION('center_axis',(0.,-1.,0.));
#2492=DIRECTION('ref_axis',(-8.88178419700132E-15,0.,1.));
#2493=DIRECTION('center_axis',(0.,0.,1.));
#2494=DIRECTION('ref_axis',(1.,0.,0.));
#2495=DIRECTION('',(1.,0.,0.));
#2496=DIRECTION('',(0.,1.,0.));
#2497=DIRECTION('',(-1.,0.,0.));
#2498=DIRECTION('',(0.,1.,0.));
#2499=DIRECTION('center_axis',(0.,1.,0.));
#2500=DIRECTION('ref_axis',(-1.,0.,4.4408920985006E-15));
#2501=DIRECTION('center_axis',(0.,1.,0.));
#2502=DIRECTION('ref_axis',(-1.,0.,4.4408920985006E-15));
#2503=DIRECTION('',(0.,1.,0.));
#2504=DIRECTION('center_axis',(0.,-1.,0.));
#2505=DIRECTION('ref_axis',(-1.,0.,4.4408920985006E-15));
#2506=DIRECTION('center_axis',(-1.,0.,0.));
#2507=DIRECTION('ref_axis',(0.,0.,1.));
#2508=DIRECTION('',(0.,0.,1.));
#2509=DIRECTION('',(0.,1.,0.));
#2510=DIRECTION('',(0.,0.,-1.));
#2511=DIRECTION('center_axis',(0.,1.,0.));
#2512=DIRECTION('ref_axis',(-8.8817841970012E-15,0.,-1.));
#2513=DIRECTION('center_axis',(0.,1.,0.));
#2514=DIRECTION('ref_axis',(-8.8817841970012E-15,0.,-1.));
#2515=DIRECTION('',(0.,1.,0.));
#2516=DIRECTION('center_axis',(0.,-1.,0.));
#2517=DIRECTION('ref_axis',(-8.8817841970012E-15,0.,-1.));
#2518=DIRECTION('center_axis',(0.,0.,-1.));
#2519=DIRECTION('ref_axis',(-1.,0.,0.));
#2520=DIRECTION('',(-1.,0.,0.));
#2521=DIRECTION('',(0.,1.,0.));
#2522=DIRECTION('',(1.,0.,0.));
#2523=DIRECTION('center_axis',(0.,1.,0.));
#2524=DIRECTION('ref_axis',(1.,0.,-8.88178419700117E-15));
#2525=DIRECTION('center_axis',(0.,1.,0.));
#2526=DIRECTION('ref_axis',(1.,0.,-8.88178419700117E-15));
#2527=DIRECTION('',(0.,1.,0.));
#2528=DIRECTION('center_axis',(0.,-1.,0.));
#2529=DIRECTION('ref_axis',(1.,0.,-8.88178419700117E-15));
#2530=DIRECTION('center_axis',(1.,0.,0.));
#2531=DIRECTION('ref_axis',(0.,0.,-1.));
#2532=DIRECTION('',(0.,0.,-1.));
#2533=DIRECTION('',(0.,1.,0.));
#2534=DIRECTION('',(0.,0.,1.));
#2535=DIRECTION('center_axis',(0.,1.,0.));
#2536=DIRECTION('ref_axis',(8.88178419700117E-15,0.,1.));
#2537=DIRECTION('center_axis',(0.,1.,0.));
#2538=DIRECTION('ref_axis',(8.88178419700117E-15,0.,1.));
#2539=DIRECTION('center_axis',(0.,-1.,0.));
#2540=DIRECTION('ref_axis',(8.88178419700117E-15,0.,1.));
#2541=DIRECTION('center_axis',(1.,0.,2.22044604925031E-15));
#2542=DIRECTION('ref_axis',(2.22044604925031E-15,0.,-1.));
#2543=DIRECTION('',(2.22044604925031E-15,0.,-1.));
#2544=DIRECTION('',(0.,1.,0.));
#2545=DIRECTION('',(-2.22044604925031E-15,0.,1.));
#2546=DIRECTION('',(0.,1.,0.));
#2547=DIRECTION('center_axis',(0.,1.,0.));
#2548=DIRECTION('ref_axis',(-8.88178419700136E-15,0.,1.));
#2549=DIRECTION('center_axis',(0.,1.,0.));
#2550=DIRECTION('ref_axis',(-8.88178419700136E-15,0.,1.));
#2551=DIRECTION('',(0.,1.,0.));
#2552=DIRECTION('center_axis',(0.,-1.,0.));
#2553=DIRECTION('ref_axis',(-8.88178419700136E-15,0.,1.));
#2554=DIRECTION('center_axis',(0.,0.,1.));
#2555=DIRECTION('ref_axis',(1.,0.,0.));
#2556=DIRECTION('',(1.,0.,0.));
#2557=DIRECTION('',(0.,1.,0.));
#2558=DIRECTION('',(-1.,0.,0.));
#2559=DIRECTION('center_axis',(0.,1.,0.));
#2560=DIRECTION('ref_axis',(-1.,0.,0.));
#2561=DIRECTION('center_axis',(0.,1.,0.));
#2562=DIRECTION('ref_axis',(-1.,0.,0.));
#2563=DIRECTION('',(0.,1.,0.));
#2564=DIRECTION('center_axis',(0.,-1.,0.));
#2565=DIRECTION('ref_axis',(-1.,0.,0.));
#2566=DIRECTION('center_axis',(-1.,0.,0.));
#2567=DIRECTION('ref_axis',(0.,0.,1.));
#2568=DIRECTION('',(0.,0.,1.));
#2569=DIRECTION('',(0.,1.,0.));
#2570=DIRECTION('',(0.,0.,-1.));
#2571=DIRECTION('center_axis',(0.,1.,0.));
#2572=DIRECTION('ref_axis',(4.44089209850064E-15,0.,-1.));
#2573=DIRECTION('center_axis',(0.,1.,0.));
#2574=DIRECTION('ref_axis',(4.44089209850064E-15,0.,-1.));
#2575=DIRECTION('',(0.,1.,0.));
#2576=DIRECTION('center_axis',(0.,-1.,0.));
#2577=DIRECTION('ref_axis',(4.44089209850064E-15,0.,-1.));
#2578=DIRECTION('center_axis',(0.,0.,-1.));
#2579=DIRECTION('ref_axis',(-1.,0.,0.));
#2580=DIRECTION('',(-1.,0.,0.));
#2581=DIRECTION('',(0.,1.,0.));
#2582=DIRECTION('',(1.,0.,0.));
#2583=DIRECTION('center_axis',(0.,1.,0.));
#2584=DIRECTION('ref_axis',(1.,0.,0.));
#2585=DIRECTION('center_axis',(0.,1.,0.));
#2586=DIRECTION('ref_axis',(1.,0.,0.));
#2587=DIRECTION('center_axis',(0.,-1.,0.));
#2588=DIRECTION('ref_axis',(1.,0.,0.));
#2589=DIRECTION('center_axis',(1.,0.,7.65671051465625E-16));
#2590=DIRECTION('ref_axis',(7.65671051465625E-16,0.,-1.));
#2591=DIRECTION('',(7.65671051465625E-16,0.,-1.));
#2592=DIRECTION('',(0.,1.,0.));
#2593=DIRECTION('',(-7.65671051465625E-16,0.,1.));
#2594=DIRECTION('',(0.,1.,0.));
#2595=DIRECTION('center_axis',(0.,1.,0.));
#2596=DIRECTION('ref_axis',(6.6613381477509E-15,0.,1.));
#2597=DIRECTION('center_axis',(0.,1.,0.));
#2598=DIRECTION('ref_axis',(6.6613381477509E-15,0.,1.));
#2599=DIRECTION('',(0.,1.,0.));
#2600=DIRECTION('center_axis',(0.,-1.,0.));
#2601=DIRECTION('ref_axis',(6.6613381477509E-15,0.,1.));
#2602=DIRECTION('center_axis',(0.,0.,1.));
#2603=DIRECTION('ref_axis',(1.,0.,0.));
#2604=DIRECTION('',(1.,0.,0.));
#2605=DIRECTION('',(0.,1.,0.));
#2606=DIRECTION('',(-1.,0.,0.));
#2607=DIRECTION('center_axis',(0.,1.,0.));
#2608=DIRECTION('ref_axis',(-1.,0.,4.44089209850061E-15));
#2609=DIRECTION('center_axis',(0.,1.,0.));
#2610=DIRECTION('ref_axis',(-1.,0.,4.44089209850061E-15));
#2611=DIRECTION('',(0.,1.,0.));
#2612=DIRECTION('center_axis',(0.,-1.,0.));
#2613=DIRECTION('ref_axis',(-1.,0.,4.44089209850061E-15));
#2614=DIRECTION('center_axis',(-1.,0.,0.));
#2615=DIRECTION('ref_axis',(0.,0.,1.));
#2616=DIRECTION('',(0.,0.,1.));
#2617=DIRECTION('',(0.,1.,0.));
#2618=DIRECTION('',(0.,0.,-1.));
#2619=DIRECTION('center_axis',(0.,1.,0.));
#2620=DIRECTION('ref_axis',(2.22044604925032E-15,0.,-1.));
#2621=DIRECTION('center_axis',(0.,1.,0.));
#2622=DIRECTION('ref_axis',(2.22044604925032E-15,0.,-1.));
#2623=DIRECTION('',(0.,1.,0.));
#2624=DIRECTION('center_axis',(0.,-1.,0.));
#2625=DIRECTION('ref_axis',(2.22044604925032E-15,0.,-1.));
#2626=DIRECTION('center_axis',(-3.82835525732813E-16,0.,-1.));
#2627=DIRECTION('ref_axis',(-1.,0.,3.82835525732813E-16));
#2628=DIRECTION('',(-1.,0.,3.82835525732813E-16));
#2629=DIRECTION('',(0.,1.,0.));
#2630=DIRECTION('',(1.,0.,-3.82835525732813E-16));
#2631=DIRECTION('center_axis',(0.,1.,0.));
#2632=DIRECTION('ref_axis',(1.,0.,-4.4408920985006E-15));
#2633=DIRECTION('center_axis',(0.,1.,0.));
#2634=DIRECTION('ref_axis',(1.,0.,-4.4408920985006E-15));
#2635=DIRECTION('center_axis',(0.,-1.,0.));
#2636=DIRECTION('ref_axis',(1.,0.,-4.4408920985006E-15));
#2637=DIRECTION('center_axis',(1.,0.,0.));
#2638=DIRECTION('ref_axis',(0.,0.,-1.));
#2639=DIRECTION('',(0.,0.,-1.));
#2640=DIRECTION('',(0.,1.,0.));
#2641=DIRECTION('',(0.,0.,1.));
#2642=DIRECTION('',(0.,1.,0.));
#2643=DIRECTION('center_axis',(0.,1.,0.));
#2644=DIRECTION('ref_axis',(4.44089209850061E-15,0.,1.));
#2645=DIRECTION('center_axis',(0.,1.,0.));
#2646=DIRECTION('ref_axis',(4.44089209850061E-15,0.,1.));
#2647=DIRECTION('',(0.,1.,0.));
#2648=DIRECTION('center_axis',(0.,-1.,0.));
#2649=DIRECTION('ref_axis',(4.44089209850061E-15,0.,1.));
#2650=DIRECTION('center_axis',(0.,0.,1.));
#2651=DIRECTION('ref_axis',(1.,0.,0.));
#2652=DIRECTION('',(1.,0.,0.));
#2653=DIRECTION('',(0.,1.,0.));
#2654=DIRECTION('',(-1.,0.,0.));
#2655=DIRECTION('center_axis',(0.,1.,0.));
#2656=DIRECTION('ref_axis',(-1.,0.,0.));
#2657=DIRECTION('center_axis',(0.,1.,0.));
#2658=DIRECTION('ref_axis',(-1.,0.,0.));
#2659=DIRECTION('',(0.,1.,0.));
#2660=DIRECTION('center_axis',(0.,-1.,0.));
#2661=DIRECTION('ref_axis',(-1.,0.,0.));
#2662=DIRECTION('center_axis',(-1.,0.,0.));
#2663=DIRECTION('ref_axis',(0.,0.,1.));
#2664=DIRECTION('',(0.,0.,1.));
#2665=DIRECTION('',(0.,1.,0.));
#2666=DIRECTION('',(0.,0.,-1.));
#2667=DIRECTION('center_axis',(0.,1.,0.));
#2668=DIRECTION('ref_axis',(-4.4408920985006E-15,0.,-1.));
#2669=DIRECTION('center_axis',(0.,1.,0.));
#2670=DIRECTION('ref_axis',(-4.4408920985006E-15,0.,-1.));
#2671=DIRECTION('',(0.,1.,0.));
#2672=DIRECTION('center_axis',(0.,-1.,0.));
#2673=DIRECTION('ref_axis',(-4.4408920985006E-15,0.,-1.));
#2674=DIRECTION('center_axis',(5.74253288599219E-16,0.,-1.));
#2675=DIRECTION('ref_axis',(-1.,0.,-5.74253288599219E-16));
#2676=DIRECTION('',(-1.,0.,-5.74253288599219E-16));
#2677=DIRECTION('',(0.,1.,0.));
#2678=DIRECTION('',(1.,0.,5.74253288599219E-16));
#2679=DIRECTION('center_axis',(0.,1.,0.));
#2680=DIRECTION('ref_axis',(1.,0.,-6.6613381477509E-15));
#2681=DIRECTION('center_axis',(0.,1.,0.));
#2682=DIRECTION('ref_axis',(1.,0.,-6.6613381477509E-15));
#2683=DIRECTION('center_axis',(0.,-1.,0.));
#2684=DIRECTION('ref_axis',(1.,0.,-6.6613381477509E-15));
#2685=DIRECTION('center_axis',(0.,0.,-1.));
#2686=DIRECTION('ref_axis',(-1.,0.,0.));
#2687=DIRECTION('',(-1.,0.,0.));
#2688=DIRECTION('',(0.,1.,0.));
#2689=DIRECTION('',(1.,0.,0.));
#2690=DIRECTION('',(0.,1.,0.));
#2691=DIRECTION('center_axis',(0.,1.,0.));
#2692=DIRECTION('ref_axis',(1.,0.,5.5511151231258E-15));
#2693=DIRECTION('center_axis',(0.,1.,0.));
#2694=DIRECTION('ref_axis',(1.,0.,5.5511151231258E-15));
#2695=DIRECTION('',(0.,1.,0.));
#2696=DIRECTION('center_axis',(0.,-1.,0.));
#2697=DIRECTION('ref_axis',(1.,0.,5.5511151231258E-15));
#2698=DIRECTION('center_axis',(1.,0.,0.));
#2699=DIRECTION('ref_axis',(0.,0.,-1.));
#2700=DIRECTION('',(0.,0.,-1.));
#2701=DIRECTION('',(0.,1.,0.));
#2702=DIRECTION('',(0.,0.,1.));
#2703=DIRECTION('center_axis',(0.,1.,0.));
#2704=DIRECTION('ref_axis',(0.,0.,1.));
#2705=DIRECTION('center_axis',(0.,1.,0.));
#2706=DIRECTION('ref_axis',(0.,0.,1.));
#2707=DIRECTION('',(0.,1.,0.));
#2708=DIRECTION('center_axis',(0.,-1.,0.));
#2709=DIRECTION('ref_axis',(0.,0.,1.));
#2710=DIRECTION('center_axis',(3.82835525732812E-16,0.,1.));
#2711=DIRECTION('ref_axis',(1.,0.,-3.82835525732812E-16));
#2712=DIRECTION('',(1.,0.,-3.82835525732812E-16));
#2713=DIRECTION('',(0.,1.,0.));
#2714=DIRECTION('',(-1.,0.,3.82835525732812E-16));
#2715=DIRECTION('center_axis',(0.,1.,0.));
#2716=DIRECTION('ref_axis',(-1.,0.,2.2204460492503E-15));
#2717=DIRECTION('center_axis',(0.,1.,0.));
#2718=DIRECTION('ref_axis',(-1.,0.,2.2204460492503E-15));
#2719=DIRECTION('',(0.,1.,0.));
#2720=DIRECTION('center_axis',(0.,-1.,0.));
#2721=DIRECTION('ref_axis',(-1.,0.,2.2204460492503E-15));
#2722=DIRECTION('center_axis',(-1.,0.,0.));
#2723=DIRECTION('ref_axis',(0.,0.,1.));
#2724=DIRECTION('',(0.,0.,1.));
#2725=DIRECTION('',(0.,1.,0.));
#2726=DIRECTION('',(0.,0.,-1.));
#2727=DIRECTION('center_axis',(0.,1.,0.));
#2728=DIRECTION('ref_axis',(-4.44089209850061E-15,0.,-1.));
#2729=DIRECTION('center_axis',(0.,1.,0.));
#2730=DIRECTION('ref_axis',(-4.44089209850061E-15,0.,-1.));
#2731=DIRECTION('center_axis',(0.,-1.,0.));
#2732=DIRECTION('ref_axis',(-4.44089209850061E-15,0.,-1.));
#2733=DIRECTION('center_axis',(1.,0.,0.));
#2734=DIRECTION('ref_axis',(0.,0.,-1.));
#2735=DIRECTION('',(0.,0.,-1.));
#2736=DIRECTION('',(0.,1.,0.));
#2737=DIRECTION('',(0.,0.,1.));
#2738=DIRECTION('',(0.,1.,0.));
#2739=DIRECTION('center_axis',(0.,1.,0.));
#2740=DIRECTION('ref_axis',(6.6613381477509E-15,0.,1.));
#2741=DIRECTION('center_axis',(0.,1.,0.));
#2742=DIRECTION('ref_axis',(6.6613381477509E-15,0.,1.));
#2743=DIRECTION('',(0.,1.,0.));
#2744=DIRECTION('center_axis',(0.,-1.,0.));
#2745=DIRECTION('ref_axis',(6.6613381477509E-15,0.,1.));
#2746=DIRECTION('center_axis',(0.,0.,1.));
#2747=DIRECTION('ref_axis',(1.,0.,0.));
#2748=DIRECTION('',(1.,0.,0.));
#2749=DIRECTION('',(0.,1.,0.));
#2750=DIRECTION('',(-1.,0.,0.));
#2751=DIRECTION('center_axis',(0.,1.,0.));
#2752=DIRECTION('ref_axis',(-1.,0.,4.44089209850061E-15));
#2753=DIRECTION('center_axis',(0.,1.,0.));
#2754=DIRECTION('ref_axis',(-1.,0.,4.44089209850061E-15));
#2755=DIRECTION('',(0.,1.,0.));
#2756=DIRECTION('center_axis',(0.,-1.,0.));
#2757=DIRECTION('ref_axis',(-1.,0.,4.44089209850061E-15));
#2758=DIRECTION('center_axis',(-1.,0.,3.82835525732812E-16));
#2759=DIRECTION('ref_axis',(3.82835525732812E-16,0.,1.));
#2760=DIRECTION('',(3.82835525732812E-16,0.,1.));
#2761=DIRECTION('',(0.,1.,0.));
#2762=DIRECTION('',(-3.82835525732812E-16,0.,-1.));
#2763=DIRECTION('center_axis',(0.,1.,0.));
#2764=DIRECTION('ref_axis',(-2.2204460492503E-15,0.,-1.));
#2765=DIRECTION('center_axis',(0.,1.,0.));
#2766=DIRECTION('ref_axis',(-2.2204460492503E-15,0.,-1.));
#2767=DIRECTION('',(0.,1.,0.));
#2768=DIRECTION('center_axis',(0.,-1.,0.));
#2769=DIRECTION('ref_axis',(-2.2204460492503E-15,0.,-1.));
#2770=DIRECTION('center_axis',(0.,0.,-1.));
#2771=DIRECTION('ref_axis',(-1.,0.,0.));
#2772=DIRECTION('',(-1.,0.,0.));
#2773=DIRECTION('',(0.,1.,0.));
#2774=DIRECTION('',(1.,0.,0.));
#2775=DIRECTION('center_axis',(0.,1.,0.));
#2776=DIRECTION('ref_axis',(1.,0.,-8.88178419700123E-15));
#2777=DIRECTION('center_axis',(0.,1.,0.));
#2778=DIRECTION('ref_axis',(1.,0.,-8.88178419700123E-15));
#2779=DIRECTION('center_axis',(0.,-1.,0.));
#2780=DIRECTION('ref_axis',(1.,0.,-8.88178419700123E-15));
#2781=DIRECTION('center_axis',(0.,0.,1.));
#2782=DIRECTION('ref_axis',(1.,0.,0.));
#2783=DIRECTION('',(1.,0.,0.));
#2784=DIRECTION('',(0.,1.,0.));
#2785=DIRECTION('',(-1.,0.,0.));
#2786=DIRECTION('',(0.,1.,0.));
#2787=DIRECTION('center_axis',(0.,1.,0.));
#2788=DIRECTION('ref_axis',(-1.,0.,0.));
#2789=DIRECTION('center_axis',(0.,1.,0.));
#2790=DIRECTION('ref_axis',(-1.,0.,0.));
#2791=DIRECTION('',(0.,1.,0.));
#2792=DIRECTION('center_axis',(0.,-1.,0.));
#2793=DIRECTION('ref_axis',(-1.,0.,0.));
#2794=DIRECTION('center_axis',(-1.,0.,0.));
#2795=DIRECTION('ref_axis',(0.,0.,1.));
#2796=DIRECTION('',(0.,0.,1.));
#2797=DIRECTION('',(0.,1.,0.));
#2798=DIRECTION('',(0.,0.,-1.));
#2799=DIRECTION('center_axis',(0.,1.,0.));
#2800=DIRECTION('ref_axis',(0.,0.,-1.));
#2801=DIRECTION('center_axis',(0.,1.,0.));
#2802=DIRECTION('ref_axis',(0.,0.,-1.));
#2803=DIRECTION('',(0.,1.,0.));
#2804=DIRECTION('center_axis',(0.,-1.,0.));
#2805=DIRECTION('ref_axis',(0.,0.,-1.));
#2806=DIRECTION('center_axis',(0.,0.,-1.));
#2807=DIRECTION('ref_axis',(-1.,0.,0.));
#2808=DIRECTION('',(-1.,0.,0.));
#2809=DIRECTION('',(0.,1.,0.));
#2810=DIRECTION('',(1.,0.,0.));
#2811=DIRECTION('center_axis',(0.,1.,0.));
#2812=DIRECTION('ref_axis',(1.,0.,0.));
#2813=DIRECTION('center_axis',(0.,1.,0.));
#2814=DIRECTION('ref_axis',(1.,0.,0.));
#2815=DIRECTION('',(0.,1.,0.));
#2816=DIRECTION('center_axis',(0.,-1.,0.));
#2817=DIRECTION('ref_axis',(1.,0.,0.));
#2818=DIRECTION('center_axis',(1.,0.,0.));
#2819=DIRECTION('ref_axis',(0.,0.,-1.));
#2820=DIRECTION('',(0.,0.,-1.));
#2821=DIRECTION('',(0.,1.,0.));
#2822=DIRECTION('',(0.,0.,1.));
#2823=DIRECTION('center_axis',(0.,1.,0.));
#2824=DIRECTION('ref_axis',(0.,0.,1.));
#2825=DIRECTION('center_axis',(0.,1.,0.));
#2826=DIRECTION('ref_axis',(0.,0.,1.));
#2827=DIRECTION('center_axis',(0.,-1.,0.));
#2828=DIRECTION('ref_axis',(0.,0.,1.));
#2829=DIRECTION('center_axis',(0.,1.,0.));
#2830=DIRECTION('ref_axis',(1.,0.,0.));
#2831=DIRECTION('center_axis',(0.,-1.,0.));
#2832=DIRECTION('ref_axis',(1.,0.,0.));
#2833=DIRECTION('',(0.,-1.,0.));
#2834=DIRECTION('center_axis',(0.,-1.,0.));
#2835=DIRECTION('ref_axis',(1.,0.,0.));
#2836=DIRECTION('center_axis',(0.,1.,0.));
#2837=DIRECTION('ref_axis',(1.,0.,0.));
#2838=DIRECTION('center_axis',(0.,-1.,0.));
#2839=DIRECTION('ref_axis',(1.,0.,0.));
#2840=DIRECTION('',(0.,-1.,0.));
#2841=DIRECTION('center_axis',(0.,-1.,0.));
#2842=DIRECTION('ref_axis',(1.,0.,0.));
#2843=DIRECTION('center_axis',(0.,1.,0.));
#2844=DIRECTION('ref_axis',(1.,0.,0.));
#2845=DIRECTION('center_axis',(0.,-1.,0.));
#2846=DIRECTION('ref_axis',(1.,0.,0.));
#2847=DIRECTION('',(0.,-1.,0.));
#2848=DIRECTION('center_axis',(0.,-1.,0.));
#2849=DIRECTION('ref_axis',(1.,0.,0.));
#2850=DIRECTION('center_axis',(0.,1.,0.));
#2851=DIRECTION('ref_axis',(1.,0.,0.));
#2852=DIRECTION('center_axis',(0.,-1.,0.));
#2853=DIRECTION('ref_axis',(1.,0.,0.));
#2854=DIRECTION('',(0.,-1.,0.));
#2855=DIRECTION('center_axis',(0.,-1.,0.));
#2856=DIRECTION('ref_axis',(1.,0.,0.));
#2857=DIRECTION('center_axis',(0.,0.,1.));
#2858=DIRECTION('ref_axis',(1.,0.,0.));
#2859=DIRECTION('',(-1.,0.,0.));
#2860=DIRECTION('',(0.,1.,0.));
#2861=DIRECTION('',(1.,0.,0.));
#2862=DIRECTION('',(0.,1.,0.));
#2863=DIRECTION('center_axis',(0.,1.,0.));
#2864=DIRECTION('ref_axis',(-1.,0.,0.));
#2865=DIRECTION('center_axis',(0.,1.,0.));
#2866=DIRECTION('ref_axis',(-1.,0.,0.));
#2867=DIRECTION('center_axis',(0.,1.,0.));
#2868=DIRECTION('ref_axis',(-1.,0.,0.));
#2869=DIRECTION('',(0.,1.,0.));
#2870=DIRECTION('center_axis',(-1.,0.,-8.0953762212251E-17));
#2871=DIRECTION('ref_axis',(-8.0953762212251E-17,0.,1.));
#2872=DIRECTION('',(8.0953762212251E-17,0.,-1.));
#2873=DIRECTION('',(-8.0953762212251E-17,0.,1.));
#2874=DIRECTION('',(0.,1.,0.));
#2875=DIRECTION('center_axis',(0.,1.,0.));
#2876=DIRECTION('ref_axis',(7.7715611723761E-16,0.,-1.));
#2877=DIRECTION('center_axis',(0.,1.,0.));
#2878=DIRECTION('ref_axis',(7.7715611723761E-16,0.,-1.));
#2879=DIRECTION('center_axis',(0.,1.,0.));
#2880=DIRECTION('ref_axis',(7.7715611723761E-16,0.,-1.));
#2881=DIRECTION('',(0.,1.,0.));
#2882=DIRECTION('center_axis',(-1.11022302462516E-16,0.,-1.));
#2883=DIRECTION('ref_axis',(-1.,0.,1.11022302462516E-16));
#2884=DIRECTION('',(1.,0.,-1.11022302462516E-16));
#2885=DIRECTION('',(-1.,0.,1.11022302462516E-16));
#2886=DIRECTION('',(0.,1.,0.));
#2887=DIRECTION('center_axis',(0.,1.,0.));
#2888=DIRECTION('ref_axis',(1.,0.,9.99200722162641E-16));
#2889=DIRECTION('center_axis',(0.,1.,0.));
#2890=DIRECTION('ref_axis',(1.,0.,9.99200722162641E-16));
#2891=DIRECTION('center_axis',(0.,1.,0.));
#2892=DIRECTION('ref_axis',(1.,0.,9.99200722162641E-16));
#2893=DIRECTION('',(0.,1.,0.));
#2894=DIRECTION('center_axis',(1.,0.,0.));
#2895=DIRECTION('ref_axis',(0.,0.,-1.));
#2896=DIRECTION('',(0.,0.,1.));
#2897=DIRECTION('',(0.,0.,-1.));
#2898=DIRECTION('',(0.,1.,0.));
#2899=DIRECTION('center_axis',(0.,1.,0.));
#2900=DIRECTION('ref_axis',(0.,0.,1.));
#2901=DIRECTION('center_axis',(0.,1.,0.));
#2902=DIRECTION('ref_axis',(0.,0.,1.));
#2903=DIRECTION('center_axis',(0.,1.,0.));
#2904=DIRECTION('ref_axis',(0.,0.,1.));
#2905=DIRECTION('center_axis',(0.,1.,0.));
#2906=DIRECTION('ref_axis',(1.,0.,0.));
#2907=DIRECTION('center_axis',(0.,1.,0.));
#2908=DIRECTION('ref_axis',(1.,0.,0.));
#2909=CARTESIAN_POINT('',(0.,0.,0.));
#2910=CARTESIAN_POINT('Origin',(70.95,0.,75.66));
#2911=CARTESIAN_POINT('',(70.95,0.,75.66));
#2912=CARTESIAN_POINT('',(82.55,0.,75.66));
#2913=CARTESIAN_POINT('',(62.975,0.,75.66));
#2914=CARTESIAN_POINT('',(70.95,1.5,75.66));
#2915=CARTESIAN_POINT('',(70.95,0.,75.66));
#2916=CARTESIAN_POINT('',(82.55,1.5,75.66));
#2917=CARTESIAN_POINT('',(62.975,1.5,75.66));
#2918=CARTESIAN_POINT('',(82.55,0.,75.66));
#2919=CARTESIAN_POINT('Origin',(70.95,0.,73.66));
#2920=CARTESIAN_POINT('',(68.95,0.,73.66));
#2921=CARTESIAN_POINT('Origin',(70.95,0.,73.66));
#2922=CARTESIAN_POINT('',(68.95,1.5,73.66));
#2923=CARTESIAN_POINT('',(68.95,0.,73.66));
#2924=CARTESIAN_POINT('Origin',(70.95,1.5,73.66));
#2925=CARTESIAN_POINT('Origin',(68.95,0.,62.06));
#2926=CARTESIAN_POINT('',(68.95,0.,62.06));
#2927=CARTESIAN_POINT('',(68.95,0.,60.03));
#2928=CARTESIAN_POINT('',(68.95,1.5,62.06));
#2929=CARTESIAN_POINT('',(68.95,0.,62.06));
#2930=CARTESIAN_POINT('',(68.95,1.5,60.03));
#2931=CARTESIAN_POINT('Origin',(70.95,0.,62.06));
#2932=CARTESIAN_POINT('',(70.95,0.,60.06));
#2933=CARTESIAN_POINT('Origin',(70.95,0.,62.06));
#2934=CARTESIAN_POINT('',(70.95,1.5,60.06));
#2935=CARTESIAN_POINT('',(70.95,0.,60.06));
#2936=CARTESIAN_POINT('Origin',(70.95,1.5,62.06));
#2937=CARTESIAN_POINT('Origin',(82.55,0.,60.06));
#2938=CARTESIAN_POINT('',(82.55,0.,60.06));
#2939=CARTESIAN_POINT('',(68.775,0.,60.06));
#2940=CARTESIAN_POINT('',(82.55,1.5,60.06));
#2941=CARTESIAN_POINT('',(82.55,0.,60.06));
#2942=CARTESIAN_POINT('',(68.775,1.5,60.06));
#2943=CARTESIAN_POINT('Origin',(82.55,0.,62.06));
#2944=CARTESIAN_POINT('',(84.55,0.,62.06));
#2945=CARTESIAN_POINT('Origin',(82.55,0.,62.06));
#2946=CARTESIAN_POINT('',(84.55,1.5,62.06));
#2947=CARTESIAN_POINT('',(84.55,0.,62.06));
#2948=CARTESIAN_POINT('Origin',(82.55,1.5,62.06));
#2949=CARTESIAN_POINT('Origin',(84.55,0.,73.66));
#2950=CARTESIAN_POINT('',(84.55,0.,73.66));
#2951=CARTESIAN_POINT('',(84.55,0.,65.83));
#2952=CARTESIAN_POINT('',(84.55,1.5,73.66));
#2953=CARTESIAN_POINT('',(84.55,0.,73.66));
#2954=CARTESIAN_POINT('',(84.55,1.5,65.83));
#2955=CARTESIAN_POINT('Origin',(82.55,0.,73.66));
#2956=CARTESIAN_POINT('Origin',(82.55,0.,73.66));
#2957=CARTESIAN_POINT('Origin',(82.55,1.5,73.66));
#2958=CARTESIAN_POINT('Origin',(49.33,0.,53.405));
#2959=CARTESIAN_POINT('',(49.33,0.,53.405));
#2960=CARTESIAN_POINT('',(60.93,0.,53.405));
#2961=CARTESIAN_POINT('',(52.165,0.,53.405));
#2962=CARTESIAN_POINT('',(49.33,1.5,53.405));
#2963=CARTESIAN_POINT('',(49.33,0.,53.405));
#2964=CARTESIAN_POINT('',(60.93,1.5,53.405));
#2965=CARTESIAN_POINT('',(52.165,1.5,53.405));
#2966=CARTESIAN_POINT('',(60.93,0.,53.405));
#2967=CARTESIAN_POINT('Origin',(49.33,0.,51.405));
#2968=CARTESIAN_POINT('',(47.33,0.,51.405));
#2969=CARTESIAN_POINT('Origin',(49.33,0.,51.405));
#2970=CARTESIAN_POINT('',(47.33,1.5,51.405));
#2971=CARTESIAN_POINT('',(47.33,0.,51.405));
#2972=CARTESIAN_POINT('Origin',(49.33,1.5,51.405));
#2973=CARTESIAN_POINT('Origin',(47.33,0.,39.805));
#2974=CARTESIAN_POINT('',(47.33,0.,39.805));
#2975=CARTESIAN_POINT('',(47.33,0.,48.9025));
#2976=CARTESIAN_POINT('',(47.33,1.5,39.805));
#2977=CARTESIAN_POINT('',(47.33,0.,39.805));
#2978=CARTESIAN_POINT('',(47.33,1.5,48.9025));
#2979=CARTESIAN_POINT('Origin',(49.33,0.,39.805));
#2980=CARTESIAN_POINT('',(49.33,0.,37.805));
#2981=CARTESIAN_POINT('Origin',(49.33,0.,39.805));
#2982=CARTESIAN_POINT('',(49.33,1.5,37.805));
#2983=CARTESIAN_POINT('',(49.33,0.,37.805));
#2984=CARTESIAN_POINT('Origin',(49.33,1.5,39.805));
#2985=CARTESIAN_POINT('Origin',(60.93,0.,37.805));
#2986=CARTESIAN_POINT('',(60.93,0.,37.805));
#2987=CARTESIAN_POINT('',(57.965,0.,37.805));
#2988=CARTESIAN_POINT('',(60.93,1.5,37.805));
#2989=CARTESIAN_POINT('',(60.93,0.,37.805));
#2990=CARTESIAN_POINT('',(57.965,1.5,37.805));
#2991=CARTESIAN_POINT('Origin',(60.93,0.,39.805));
#2992=CARTESIAN_POINT('',(62.93,0.,39.805));
#2993=CARTESIAN_POINT('Origin',(60.93,0.,39.805));
#2994=CARTESIAN_POINT('',(62.93,1.5,39.805));
#2995=CARTESIAN_POINT('',(62.93,0.,39.805));
#2996=CARTESIAN_POINT('Origin',(60.93,1.5,39.805));
#2997=CARTESIAN_POINT('Origin',(62.93,0.,51.405));
#2998=CARTESIAN_POINT('',(62.93,0.,51.405));
#2999=CARTESIAN_POINT('',(62.93,0.,54.7025));
#3000=CARTESIAN_POINT('',(62.93,1.5,51.405));
#3001=CARTESIAN_POINT('',(62.93,0.,51.405));
#3002=CARTESIAN_POINT('',(62.93,1.5,54.7025));
#3003=CARTESIAN_POINT('Origin',(60.93,0.,51.405));
#3004=CARTESIAN_POINT('Origin',(60.93,0.,51.405));
#3005=CARTESIAN_POINT('Origin',(60.93,1.5,51.405));
#3006=CARTESIAN_POINT('Origin',(25.71,0.,17.55));
#3007=CARTESIAN_POINT('',(25.71,0.,17.55));
#3008=CARTESIAN_POINT('',(25.71,0.,29.15));
#3009=CARTESIAN_POINT('',(25.71,0.,37.775));
#3010=CARTESIAN_POINT('',(25.71,1.5,17.55));
#3011=CARTESIAN_POINT('',(25.71,0.,17.55));
#3012=CARTESIAN_POINT('',(25.71,1.5,29.15));
#3013=CARTESIAN_POINT('',(25.71,1.5,37.775));
#3014=CARTESIAN_POINT('',(25.71,0.,29.15));
#3015=CARTESIAN_POINT('Origin',(27.71,0.,17.55));
#3016=CARTESIAN_POINT('',(27.71,0.,15.55));
#3017=CARTESIAN_POINT('Origin',(27.71,0.,17.55));
#3018=CARTESIAN_POINT('',(27.71,1.5,15.55));
#3019=CARTESIAN_POINT('',(27.71,0.,15.55));
#3020=CARTESIAN_POINT('Origin',(27.71,1.5,17.55));
#3021=CARTESIAN_POINT('Origin',(39.31,0.,15.55));
#3022=CARTESIAN_POINT('',(39.31,0.,15.55));
#3023=CARTESIAN_POINT('',(47.155,0.,15.55));
#3024=CARTESIAN_POINT('',(39.31,1.5,15.55));
#3025=CARTESIAN_POINT('',(39.31,0.,15.55));
#3026=CARTESIAN_POINT('',(47.155,1.5,15.55));
#3027=CARTESIAN_POINT('Origin',(39.31,0.,17.55));
#3028=CARTESIAN_POINT('',(41.31,0.,17.55));
#3029=CARTESIAN_POINT('Origin',(39.31,0.,17.55));
#3030=CARTESIAN_POINT('',(41.31,1.5,17.55));
#3031=CARTESIAN_POINT('',(41.31,0.,17.55));
#3032=CARTESIAN_POINT('Origin',(39.31,1.5,17.55));
#3033=CARTESIAN_POINT('Origin',(41.31,0.,29.15));
#3034=CARTESIAN_POINT('',(41.31,0.,29.15));
#3035=CARTESIAN_POINT('',(41.31,0.,43.575));
#3036=CARTESIAN_POINT('',(41.31,1.5,29.15));
#3037=CARTESIAN_POINT('',(41.31,0.,29.15));
#3038=CARTESIAN_POINT('',(41.31,1.5,43.575));
#3039=CARTESIAN_POINT('Origin',(39.31,0.,29.15));
#3040=CARTESIAN_POINT('',(39.31,0.,31.15));
#3041=CARTESIAN_POINT('Origin',(39.31,0.,29.15));
#3042=CARTESIAN_POINT('',(39.31,1.5,31.15));
#3043=CARTESIAN_POINT('',(39.31,0.,31.15));
#3044=CARTESIAN_POINT('Origin',(39.31,1.5,29.15));
#3045=CARTESIAN_POINT('Origin',(27.71,0.,31.15));
#3046=CARTESIAN_POINT('',(27.71,0.,31.15));
#3047=CARTESIAN_POINT('',(41.355,0.,31.15));
#3048=CARTESIAN_POINT('',(27.71,1.5,31.15));
#3049=CARTESIAN_POINT('',(27.71,0.,31.15));
#3050=CARTESIAN_POINT('',(41.355,1.5,31.15));
#3051=CARTESIAN_POINT('Origin',(27.71,0.,29.15));
#3052=CARTESIAN_POINT('Origin',(27.71,0.,29.15));
#3053=CARTESIAN_POINT('Origin',(27.71,1.5,29.15));
#3054=CARTESIAN_POINT('Origin',(70.95,0.,53.405));
#3055=CARTESIAN_POINT('',(70.95,0.,53.405));
#3056=CARTESIAN_POINT('',(82.55,0.,53.405));
#3057=CARTESIAN_POINT('',(62.975,0.,53.405));
#3058=CARTESIAN_POINT('',(70.95,1.5,53.405));
#3059=CARTESIAN_POINT('',(70.95,0.,53.405));
#3060=CARTESIAN_POINT('',(82.55,1.5,53.405));
#3061=CARTESIAN_POINT('',(62.975,1.5,53.405));
#3062=CARTESIAN_POINT('',(82.55,0.,53.405));
#3063=CARTESIAN_POINT('Origin',(70.95,0.,51.405));
#3064=CARTESIAN_POINT('',(68.95,0.,51.405));
#3065=CARTESIAN_POINT('Origin',(70.95,0.,51.405));
#3066=CARTESIAN_POINT('',(68.95,1.5,51.405));
#3067=CARTESIAN_POINT('',(68.95,0.,51.405));
#3068=CARTESIAN_POINT('Origin',(70.95,1.5,51.405));
#3069=CARTESIAN_POINT('Origin',(68.95,0.,39.805));
#3070=CARTESIAN_POINT('',(68.95,0.,39.805));
#3071=CARTESIAN_POINT('',(68.95,0.,48.9025));
#3072=CARTESIAN_POINT('',(68.95,1.5,39.805));
#3073=CARTESIAN_POINT('',(68.95,0.,39.805));
#3074=CARTESIAN_POINT('',(68.95,1.5,48.9025));
#3075=CARTESIAN_POINT('Origin',(70.95,0.,39.805));
#3076=CARTESIAN_POINT('',(70.95,0.,37.805));
#3077=CARTESIAN_POINT('Origin',(70.95,0.,39.805));
#3078=CARTESIAN_POINT('',(70.95,1.5,37.805));
#3079=CARTESIAN_POINT('',(70.95,0.,37.805));
#3080=CARTESIAN_POINT('Origin',(70.95,1.5,39.805));
#3081=CARTESIAN_POINT('Origin',(82.55,0.,37.805));
#3082=CARTESIAN_POINT('',(82.55,0.,37.805));
#3083=CARTESIAN_POINT('',(68.775,0.,37.805));
#3084=CARTESIAN_POINT('',(82.55,1.5,37.805));
#3085=CARTESIAN_POINT('',(82.55,0.,37.805));
#3086=CARTESIAN_POINT('',(68.775,1.5,37.805));
#3087=CARTESIAN_POINT('Origin',(82.55,0.,39.805));
#3088=CARTESIAN_POINT('',(84.55,0.,39.805));
#3089=CARTESIAN_POINT('Origin',(82.55,0.,39.805));
#3090=CARTESIAN_POINT('',(84.55,1.5,39.805));
#3091=CARTESIAN_POINT('',(84.55,0.,39.805));
#3092=CARTESIAN_POINT('Origin',(82.55,1.5,39.805));
#3093=CARTESIAN_POINT('Origin',(84.55,0.,51.405));
#3094=CARTESIAN_POINT('',(84.55,0.,51.405));
#3095=CARTESIAN_POINT('',(84.55,0.,54.7025));
#3096=CARTESIAN_POINT('',(84.55,1.5,51.405));
#3097=CARTESIAN_POINT('',(84.55,0.,51.405));
#3098=CARTESIAN_POINT('',(84.55,1.5,54.7025));
#3099=CARTESIAN_POINT('Origin',(82.55,0.,51.405));
#3100=CARTESIAN_POINT('Origin',(82.55,0.,51.405));
#3101=CARTESIAN_POINT('Origin',(82.55,1.5,51.405));
#3102=CARTESIAN_POINT('Origin',(49.33,0.,75.66));
#3103=CARTESIAN_POINT('',(49.33,0.,75.66));
#3104=CARTESIAN_POINT('',(60.93,0.,75.66));
#3105=CARTESIAN_POINT('',(52.165,0.,75.66));
#3106=CARTESIAN_POINT('',(49.33,1.5,75.66));
#3107=CARTESIAN_POINT('',(49.33,0.,75.66));
#3108=CARTESIAN_POINT('',(60.93,1.5,75.66));
#3109=CARTESIAN_POINT('',(52.165,1.5,75.66));
#3110=CARTESIAN_POINT('',(60.93,0.,75.66));
#3111=CARTESIAN_POINT('Origin',(49.33,0.,73.66));
#3112=CARTESIAN_POINT('',(47.33,0.,73.66));
#3113=CARTESIAN_POINT('Origin',(49.33,0.,73.66));
#3114=CARTESIAN_POINT('',(47.33,1.5,73.66));
#3115=CARTESIAN_POINT('',(47.33,0.,73.66));
#3116=CARTESIAN_POINT('Origin',(49.33,1.5,73.66));
#3117=CARTESIAN_POINT('Origin',(47.33,0.,62.06));
#3118=CARTESIAN_POINT('',(47.33,0.,62.06));
#3119=CARTESIAN_POINT('',(47.33,0.,60.03));
#3120=CARTESIAN_POINT('',(47.33,1.5,62.06));
#3121=CARTESIAN_POINT('',(47.33,0.,62.06));
#3122=CARTESIAN_POINT('',(47.33,1.5,60.03));
#3123=CARTESIAN_POINT('Origin',(49.33,0.,62.06));
#3124=CARTESIAN_POINT('',(49.33,0.,60.06));
#3125=CARTESIAN_POINT('Origin',(49.33,0.,62.06));
#3126=CARTESIAN_POINT('',(49.33,1.5,60.06));
#3127=CARTESIAN_POINT('',(49.33,0.,60.06));
#3128=CARTESIAN_POINT('Origin',(49.33,1.5,62.06));
#3129=CARTESIAN_POINT('Origin',(60.93,0.,60.06));
#3130=CARTESIAN_POINT('',(60.93,0.,60.06));
#3131=CARTESIAN_POINT('',(57.965,0.,60.06));
#3132=CARTESIAN_POINT('',(60.93,1.5,60.06));
#3133=CARTESIAN_POINT('',(60.93,0.,60.06));
#3134=CARTESIAN_POINT('',(57.965,1.5,60.06));
#3135=CARTESIAN_POINT('Origin',(60.93,0.,62.06));
#3136=CARTESIAN_POINT('',(62.93,0.,62.06));
#3137=CARTESIAN_POINT('Origin',(60.93,0.,62.06));
#3138=CARTESIAN_POINT('',(62.93,1.5,62.06));
#3139=CARTESIAN_POINT('',(62.93,0.,62.06));
#3140=CARTESIAN_POINT('Origin',(60.93,1.5,62.06));
#3141=CARTESIAN_POINT('Origin',(62.93,0.,73.66));
#3142=CARTESIAN_POINT('',(62.93,0.,73.66));
#3143=CARTESIAN_POINT('',(62.93,0.,65.83));
#3144=CARTESIAN_POINT('',(62.93,1.5,73.66));
#3145=CARTESIAN_POINT('',(62.93,0.,73.66));
#3146=CARTESIAN_POINT('',(62.93,1.5,65.83));
#3147=CARTESIAN_POINT('Origin',(60.93,0.,73.66));
#3148=CARTESIAN_POINT('Origin',(60.93,0.,73.66));
#3149=CARTESIAN_POINT('Origin',(60.93,1.5,73.66));
#3150=CARTESIAN_POINT('Origin',(72.205,0.,99.32));
#3151=CARTESIAN_POINT('',(72.205,0.,99.32));
#3152=CARTESIAN_POINT('',(72.205,0.,91.32));
#3153=CARTESIAN_POINT('',(72.205,0.,78.66));
#3154=CARTESIAN_POINT('',(72.205,1.5,99.32));
#3155=CARTESIAN_POINT('',(72.205,0.,99.32));
#3156=CARTESIAN_POINT('',(72.205,1.5,91.32));
#3157=CARTESIAN_POINT('',(72.205,1.5,78.66));
#3158=CARTESIAN_POINT('',(72.205,0.,91.32));
#3159=CARTESIAN_POINT('Origin',(70.205,0.,99.32));
#3160=CARTESIAN_POINT('',(70.205,0.,101.32));
#3161=CARTESIAN_POINT('Origin',(70.205,0.,99.32));
#3162=CARTESIAN_POINT('',(70.205,1.5,101.32));
#3163=CARTESIAN_POINT('',(70.205,0.,101.32));
#3164=CARTESIAN_POINT('Origin',(70.205,1.5,99.32));
#3165=CARTESIAN_POINT('Origin',(44.705,0.,101.32));
#3166=CARTESIAN_POINT('',(44.705,0.,101.32));
#3167=CARTESIAN_POINT('',(49.8525,0.,101.32));
#3168=CARTESIAN_POINT('',(44.705,1.5,101.32));
#3169=CARTESIAN_POINT('',(44.705,0.,101.32));
#3170=CARTESIAN_POINT('',(49.8525,1.5,101.32));
#3171=CARTESIAN_POINT('Origin',(44.705,0.,99.32));
#3172=CARTESIAN_POINT('',(42.705,0.,99.32));
#3173=CARTESIAN_POINT('Origin',(44.705,0.,99.32));
#3174=CARTESIAN_POINT('',(42.705,1.5,99.32));
#3175=CARTESIAN_POINT('',(42.705,0.,99.32));
#3176=CARTESIAN_POINT('Origin',(44.705,1.5,99.32));
#3177=CARTESIAN_POINT('Origin',(42.705,0.,91.32));
#3178=CARTESIAN_POINT('',(42.705,0.,91.32));
#3179=CARTESIAN_POINT('',(42.705,0.,74.66));
#3180=CARTESIAN_POINT('',(42.705,1.5,91.32));
#3181=CARTESIAN_POINT('',(42.705,0.,91.32));
#3182=CARTESIAN_POINT('',(42.705,1.5,74.66));
#3183=CARTESIAN_POINT('Origin',(44.705,0.,91.32));
#3184=CARTESIAN_POINT('',(44.705,0.,89.32));
#3185=CARTESIAN_POINT('Origin',(44.705,0.,91.32));
#3186=CARTESIAN_POINT('',(44.705,1.5,89.32));
#3187=CARTESIAN_POINT('',(44.705,0.,89.32));
#3188=CARTESIAN_POINT('Origin',(44.705,1.5,91.32));
#3189=CARTESIAN_POINT('Origin',(70.205,0.,89.32));
#3190=CARTESIAN_POINT('',(70.205,0.,89.32));
#3191=CARTESIAN_POINT('',(62.6025,0.,89.32));
#3192=CARTESIAN_POINT('',(70.205,1.5,89.32));
#3193=CARTESIAN_POINT('',(70.205,0.,89.32));
#3194=CARTESIAN_POINT('',(62.6025,1.5,89.32));
#3195=CARTESIAN_POINT('Origin',(70.205,0.,91.32));
#3196=CARTESIAN_POINT('Origin',(70.205,0.,91.32));
#3197=CARTESIAN_POINT('Origin',(70.205,1.5,91.32));
#3198=CARTESIAN_POINT('Origin',(41.31,0.,51.405));
#3199=CARTESIAN_POINT('',(41.31,0.,51.405));
#3200=CARTESIAN_POINT('',(41.31,0.,39.805));
#3201=CARTESIAN_POINT('',(41.31,0.,54.7025));
#3202=CARTESIAN_POINT('',(41.31,1.5,51.405));
#3203=CARTESIAN_POINT('',(41.31,0.,51.405));
#3204=CARTESIAN_POINT('',(41.31,1.5,39.805));
#3205=CARTESIAN_POINT('',(41.31,1.5,54.7025));
#3206=CARTESIAN_POINT('',(41.31,0.,39.805));
#3207=CARTESIAN_POINT('Origin',(39.31,0.,51.405));
#3208=CARTESIAN_POINT('',(39.31,0.,53.405));
#3209=CARTESIAN_POINT('Origin',(39.31,0.,51.405));
#3210=CARTESIAN_POINT('',(39.31,1.5,53.405));
#3211=CARTESIAN_POINT('',(39.31,0.,53.405));
#3212=CARTESIAN_POINT('Origin',(39.31,1.5,51.405));
#3213=CARTESIAN_POINT('Origin',(27.71,0.,53.405));
#3214=CARTESIAN_POINT('',(27.71,0.,53.405));
#3215=CARTESIAN_POINT('',(41.355,0.,53.405));
#3216=CARTESIAN_POINT('',(27.71,1.5,53.405));
#3217=CARTESIAN_POINT('',(27.71,0.,53.405));
#3218=CARTESIAN_POINT('',(41.355,1.5,53.405));
#3219=CARTESIAN_POINT('Origin',(27.71,0.,51.405));
#3220=CARTESIAN_POINT('',(25.71,0.,51.405));
#3221=CARTESIAN_POINT('Origin',(27.71,0.,51.405));
#3222=CARTESIAN_POINT('',(25.71,1.5,51.405));
#3223=CARTESIAN_POINT('',(25.71,0.,51.405));
#3224=CARTESIAN_POINT('Origin',(27.71,1.5,51.405));
#3225=CARTESIAN_POINT('Origin',(25.71,0.,39.805));
#3226=CARTESIAN_POINT('',(25.71,0.,39.805));
#3227=CARTESIAN_POINT('',(25.71,0.,48.9025));
#3228=CARTESIAN_POINT('',(25.71,1.5,39.805));
#3229=CARTESIAN_POINT('',(25.71,0.,39.805));
#3230=CARTESIAN_POINT('',(25.71,1.5,48.9025));
#3231=CARTESIAN_POINT('Origin',(27.71,0.,39.805));
#3232=CARTESIAN_POINT('',(27.71,0.,37.805));
#3233=CARTESIAN_POINT('Origin',(27.71,0.,39.805));
#3234=CARTESIAN_POINT('',(27.71,1.5,37.805));
#3235=CARTESIAN_POINT('',(27.71,0.,37.805));
#3236=CARTESIAN_POINT('Origin',(27.71,1.5,39.805));
#3237=CARTESIAN_POINT('Origin',(39.31,0.,37.805));
#3238=CARTESIAN_POINT('',(39.31,0.,37.805));
#3239=CARTESIAN_POINT('',(47.155,0.,37.805));
#3240=CARTESIAN_POINT('',(39.31,1.5,37.805));
#3241=CARTESIAN_POINT('',(39.31,0.,37.805));
#3242=CARTESIAN_POINT('',(47.155,1.5,37.805));
#3243=CARTESIAN_POINT('Origin',(39.31,0.,39.805));
#3244=CARTESIAN_POINT('Origin',(39.31,0.,39.805));
#3245=CARTESIAN_POINT('Origin',(39.31,1.5,39.805));
#3246=CARTESIAN_POINT('Origin',(62.93,0.,29.15));
#3247=CARTESIAN_POINT('',(62.93,0.,29.15));
#3248=CARTESIAN_POINT('',(62.93,0.,17.55));
#3249=CARTESIAN_POINT('',(62.93,0.,43.575));
#3250=CARTESIAN_POINT('',(62.93,1.5,29.15));
#3251=CARTESIAN_POINT('',(62.93,0.,29.15));
#3252=CARTESIAN_POINT('',(62.93,1.5,17.55));
#3253=CARTESIAN_POINT('',(62.93,1.5,43.575));
#3254=CARTESIAN_POINT('',(62.93,0.,17.55));
#3255=CARTESIAN_POINT('Origin',(60.93,0.,29.15));
#3256=CARTESIAN_POINT('',(60.93,0.,31.15));
#3257=CARTESIAN_POINT('Origin',(60.93,0.,29.15));
#3258=CARTESIAN_POINT('',(60.93,1.5,31.15));
#3259=CARTESIAN_POINT('',(60.93,0.,31.15));
#3260=CARTESIAN_POINT('Origin',(60.93,1.5,29.15));
#3261=CARTESIAN_POINT('Origin',(49.33,0.,31.15));
#3262=CARTESIAN_POINT('',(49.33,0.,31.15));
#3263=CARTESIAN_POINT('',(52.165,0.,31.15));
#3264=CARTESIAN_POINT('',(49.33,1.5,31.15));
#3265=CARTESIAN_POINT('',(49.33,0.,31.15));
#3266=CARTESIAN_POINT('',(52.165,1.5,31.15));
#3267=CARTESIAN_POINT('Origin',(49.33,0.,29.15));
#3268=CARTESIAN_POINT('',(47.33,0.,29.15));
#3269=CARTESIAN_POINT('Origin',(49.33,0.,29.15));
#3270=CARTESIAN_POINT('',(47.33,1.5,29.15));
#3271=CARTESIAN_POINT('',(47.33,0.,29.15));
#3272=CARTESIAN_POINT('Origin',(49.33,1.5,29.15));
#3273=CARTESIAN_POINT('Origin',(47.33,0.,17.55));
#3274=CARTESIAN_POINT('',(47.33,0.,17.55));
#3275=CARTESIAN_POINT('',(47.33,0.,37.775));
#3276=CARTESIAN_POINT('',(47.33,1.5,17.55));
#3277=CARTESIAN_POINT('',(47.33,0.,17.55));
#3278=CARTESIAN_POINT('',(47.33,1.5,37.775));
#3279=CARTESIAN_POINT('Origin',(49.33,0.,17.55));
#3280=CARTESIAN_POINT('',(49.33,0.,15.55));
#3281=CARTESIAN_POINT('Origin',(49.33,0.,17.55));
#3282=CARTESIAN_POINT('',(49.33,1.5,15.55));
#3283=CARTESIAN_POINT('',(49.33,0.,15.55));
#3284=CARTESIAN_POINT('Origin',(49.33,1.5,17.55));
#3285=CARTESIAN_POINT('Origin',(60.93,0.,15.55));
#3286=CARTESIAN_POINT('',(60.93,0.,15.55));
#3287=CARTESIAN_POINT('',(57.965,0.,15.55));
#3288=CARTESIAN_POINT('',(60.93,1.5,15.55));
#3289=CARTESIAN_POINT('',(60.93,0.,15.55));
#3290=CARTESIAN_POINT('',(57.965,1.5,15.55));
#3291=CARTESIAN_POINT('Origin',(60.93,0.,17.55));
#3292=CARTESIAN_POINT('Origin',(60.93,0.,17.55));
#3293=CARTESIAN_POINT('Origin',(60.93,1.5,17.55));
#3294=CARTESIAN_POINT('Origin',(82.55,0.,15.55));
#3295=CARTESIAN_POINT('',(82.55,0.,15.55));
#3296=CARTESIAN_POINT('',(70.95,0.,15.55));
#3297=CARTESIAN_POINT('',(68.775,0.,15.55));
#3298=CARTESIAN_POINT('',(82.55,1.5,15.55));
#3299=CARTESIAN_POINT('',(82.55,0.,15.55));
#3300=CARTESIAN_POINT('',(70.95,1.5,15.55));
#3301=CARTESIAN_POINT('',(68.775,1.5,15.55));
#3302=CARTESIAN_POINT('',(70.95,0.,15.55));
#3303=CARTESIAN_POINT('Origin',(82.55,0.,17.55));
#3304=CARTESIAN_POINT('',(84.55,0.,17.55));
#3305=CARTESIAN_POINT('Origin',(82.55,0.,17.55));
#3306=CARTESIAN_POINT('',(84.55,1.5,17.55));
#3307=CARTESIAN_POINT('',(84.55,0.,17.55));
#3308=CARTESIAN_POINT('Origin',(82.55,1.5,17.55));
#3309=CARTESIAN_POINT('Origin',(84.55,0.,29.15));
#3310=CARTESIAN_POINT('',(84.55,0.,29.15));
#3311=CARTESIAN_POINT('',(84.55,0.,43.575));
#3312=CARTESIAN_POINT('',(84.55,1.5,29.15));
#3313=CARTESIAN_POINT('',(84.55,0.,29.15));
#3314=CARTESIAN_POINT('',(84.55,1.5,43.575));
#3315=CARTESIAN_POINT('Origin',(82.55,0.,29.15));
#3316=CARTESIAN_POINT('',(82.55,0.,31.15));
#3317=CARTESIAN_POINT('Origin',(82.55,0.,29.15));
#3318=CARTESIAN_POINT('',(82.55,1.5,31.15));
#3319=CARTESIAN_POINT('',(82.55,0.,31.15));
#3320=CARTESIAN_POINT('Origin',(82.55,1.5,29.15));
#3321=CARTESIAN_POINT('Origin',(70.95,0.,31.15));
#3322=CARTESIAN_POINT('',(70.95,0.,31.15));
#3323=CARTESIAN_POINT('',(62.975,0.,31.15));
#3324=CARTESIAN_POINT('',(70.95,1.5,31.15));
#3325=CARTESIAN_POINT('',(70.95,0.,31.15));
#3326=CARTESIAN_POINT('',(62.975,1.5,31.15));
#3327=CARTESIAN_POINT('Origin',(70.95,0.,29.15));
#3328=CARTESIAN_POINT('',(68.95,0.,29.15));
#3329=CARTESIAN_POINT('Origin',(70.95,0.,29.15));
#3330=CARTESIAN_POINT('',(68.95,1.5,29.15));
#3331=CARTESIAN_POINT('',(68.95,0.,29.15));
#3332=CARTESIAN_POINT('Origin',(70.95,1.5,29.15));
#3333=CARTESIAN_POINT('Origin',(68.95,0.,17.55));
#3334=CARTESIAN_POINT('',(68.95,0.,17.55));
#3335=CARTESIAN_POINT('',(68.95,0.,37.775));
#3336=CARTESIAN_POINT('',(68.95,1.5,17.55));
#3337=CARTESIAN_POINT('',(68.95,0.,17.55));
#3338=CARTESIAN_POINT('',(68.95,1.5,37.775));
#3339=CARTESIAN_POINT('Origin',(70.95,0.,17.55));
#3340=CARTESIAN_POINT('Origin',(70.95,0.,17.55));
#3341=CARTESIAN_POINT('Origin',(70.95,1.5,17.55));
#3342=CARTESIAN_POINT('Origin',(41.31,0.,73.66));
#3343=CARTESIAN_POINT('',(41.31,0.,73.66));
#3344=CARTESIAN_POINT('',(41.31,0.,62.06));
#3345=CARTESIAN_POINT('',(41.31,0.,65.83));
#3346=CARTESIAN_POINT('',(41.31,1.5,73.66));
#3347=CARTESIAN_POINT('',(41.31,0.,73.66));
#3348=CARTESIAN_POINT('',(41.31,1.5,62.06));
#3349=CARTESIAN_POINT('',(41.31,1.5,65.83));
#3350=CARTESIAN_POINT('',(41.31,0.,62.06));
#3351=CARTESIAN_POINT('Origin',(39.31,0.,73.66));
#3352=CARTESIAN_POINT('',(39.31,0.,75.66));
#3353=CARTESIAN_POINT('Origin',(39.31,0.,73.66));
#3354=CARTESIAN_POINT('',(39.31,1.5,75.66));
#3355=CARTESIAN_POINT('',(39.31,0.,75.66));
#3356=CARTESIAN_POINT('Origin',(39.31,1.5,73.66));
#3357=CARTESIAN_POINT('Origin',(27.71,0.,75.66));
#3358=CARTESIAN_POINT('',(27.71,0.,75.66));
#3359=CARTESIAN_POINT('',(41.355,0.,75.66));
#3360=CARTESIAN_POINT('',(27.71,1.5,75.66));
#3361=CARTESIAN_POINT('',(27.71,0.,75.66));
#3362=CARTESIAN_POINT('',(41.355,1.5,75.66));
#3363=CARTESIAN_POINT('Origin',(27.71,0.,73.66));
#3364=CARTESIAN_POINT('',(25.71,0.,73.66));
#3365=CARTESIAN_POINT('Origin',(27.71,0.,73.66));
#3366=CARTESIAN_POINT('',(25.71,1.5,73.66));
#3367=CARTESIAN_POINT('',(25.71,0.,73.66));
#3368=CARTESIAN_POINT('Origin',(27.71,1.5,73.66));
#3369=CARTESIAN_POINT('Origin',(25.71,0.,62.06));
#3370=CARTESIAN_POINT('',(25.71,0.,62.06));
#3371=CARTESIAN_POINT('',(25.71,0.,60.03));
#3372=CARTESIAN_POINT('',(25.71,1.5,62.06));
#3373=CARTESIAN_POINT('',(25.71,0.,62.06));
#3374=CARTESIAN_POINT('',(25.71,1.5,60.03));
#3375=CARTESIAN_POINT('Origin',(27.71,0.,62.06));
#3376=CARTESIAN_POINT('',(27.71,0.,60.06));
#3377=CARTESIAN_POINT('Origin',(27.71,0.,62.06));
#3378=CARTESIAN_POINT('',(27.71,1.5,60.06));
#3379=CARTESIAN_POINT('',(27.71,0.,60.06));
#3380=CARTESIAN_POINT('Origin',(27.71,1.5,62.06));
#3381=CARTESIAN_POINT('Origin',(39.31,0.,60.06));
#3382=CARTESIAN_POINT('',(39.31,0.,60.06));
#3383=CARTESIAN_POINT('',(47.155,0.,60.06));
#3384=CARTESIAN_POINT('',(39.31,1.5,60.06));
#3385=CARTESIAN_POINT('',(39.31,0.,60.06));
#3386=CARTESIAN_POINT('',(47.155,1.5,60.06));
#3387=CARTESIAN_POINT('Origin',(39.31,0.,62.06));
#3388=CARTESIAN_POINT('Origin',(39.31,0.,62.06));
#3389=CARTESIAN_POINT('Origin',(39.31,1.5,62.06));
#3390=CARTESIAN_POINT('Origin',(84.855,0.,100.785));
#3391=CARTESIAN_POINT('',(84.855,0.,100.785));
#3392=CARTESIAN_POINT('',(93.055,0.,100.785));
#3393=CARTESIAN_POINT('',(69.9275,0.,100.785));
#3394=CARTESIAN_POINT('',(84.855,1.5,100.785));
#3395=CARTESIAN_POINT('',(84.855,0.,100.785));
#3396=CARTESIAN_POINT('',(93.055,1.5,100.785));
#3397=CARTESIAN_POINT('',(69.9275,1.5,100.785));
#3398=CARTESIAN_POINT('',(93.055,0.,100.785));
#3399=CARTESIAN_POINT('Origin',(84.855,0.,98.785));
#3400=CARTESIAN_POINT('',(82.855,0.,98.785));
#3401=CARTESIAN_POINT('Origin',(84.855,0.,98.785));
#3402=CARTESIAN_POINT('',(82.855,1.5,98.785));
#3403=CARTESIAN_POINT('',(82.855,0.,98.785));
#3404=CARTESIAN_POINT('Origin',(84.855,1.5,98.785));
#3405=CARTESIAN_POINT('Origin',(82.855,0.,90.985));
#3406=CARTESIAN_POINT('',(82.855,0.,90.985));
#3407=CARTESIAN_POINT('',(82.855,0.,74.4925));
#3408=CARTESIAN_POINT('',(82.855,1.5,90.985));
#3409=CARTESIAN_POINT('',(82.855,0.,90.985));
#3410=CARTESIAN_POINT('',(82.855,1.5,74.4925));
#3411=CARTESIAN_POINT('Origin',(84.855,0.,90.985));
#3412=CARTESIAN_POINT('',(84.855,0.,88.985));
#3413=CARTESIAN_POINT('Origin',(84.855,0.,90.985));
#3414=CARTESIAN_POINT('',(84.855,1.5,88.985));
#3415=CARTESIAN_POINT('',(84.855,0.,88.985));
#3416=CARTESIAN_POINT('Origin',(84.855,1.5,90.985));
#3417=CARTESIAN_POINT('Origin',(93.055,0.,88.985));
#3418=CARTESIAN_POINT('',(93.055,0.,88.985));
#3419=CARTESIAN_POINT('',(74.0275,0.,88.985));
#3420=CARTESIAN_POINT('',(93.055,1.5,88.985));
#3421=CARTESIAN_POINT('',(93.055,0.,88.985));
#3422=CARTESIAN_POINT('',(74.0275,1.5,88.985));
#3423=CARTESIAN_POINT('Origin',(93.055,0.,90.985));
#3424=CARTESIAN_POINT('',(95.055,0.,90.985));
#3425=CARTESIAN_POINT('Origin',(93.055,0.,90.985));
#3426=CARTESIAN_POINT('',(95.055,1.5,90.985));
#3427=CARTESIAN_POINT('',(95.055,0.,90.985));
#3428=CARTESIAN_POINT('Origin',(93.055,1.5,90.985));
#3429=CARTESIAN_POINT('Origin',(95.055,0.,98.785));
#3430=CARTESIAN_POINT('',(95.055,0.,98.785));
#3431=CARTESIAN_POINT('',(95.055,0.,78.3925));
#3432=CARTESIAN_POINT('',(95.055,1.5,98.785));
#3433=CARTESIAN_POINT('',(95.055,0.,98.785));
#3434=CARTESIAN_POINT('',(95.055,1.5,78.3925));
#3435=CARTESIAN_POINT('Origin',(93.055,0.,98.785));
#3436=CARTESIAN_POINT('Origin',(93.055,0.,98.785));
#3437=CARTESIAN_POINT('Origin',(93.055,1.5,98.785));
#3438=CARTESIAN_POINT('Origin',(6.50000009685755,0.,109.500001631677));
#3439=CARTESIAN_POINT('',(4.80000009685755,1.5,109.500001631677));
#3440=CARTESIAN_POINT('Origin',(6.50000009685755,1.5,109.500001631677));
#3441=CARTESIAN_POINT('',(4.80000009685755,0.,109.500001631677));
#3442=CARTESIAN_POINT('',(4.80000009685755,0.,109.500001631677));
#3443=CARTESIAN_POINT('Origin',(6.50000009685755,0.,109.500001631677));
#3444=CARTESIAN_POINT('Origin',(103.50000154227,0.,6.50000009685755));
#3445=CARTESIAN_POINT('',(101.80000154227,1.5,6.50000009685755));
#3446=CARTESIAN_POINT('Origin',(103.50000154227,1.5,6.50000009685755));
#3447=CARTESIAN_POINT('',(101.80000154227,0.,6.50000009685755));
#3448=CARTESIAN_POINT('',(101.80000154227,0.,6.50000009685755));
#3449=CARTESIAN_POINT('Origin',(103.50000154227,0.,6.50000009685755));
#3450=CARTESIAN_POINT('Origin',(6.50000009685755,0.,6.50000009685755));
#3451=CARTESIAN_POINT('',(4.80000009685755,1.5,6.50000009685755));
#3452=CARTESIAN_POINT('Origin',(6.50000009685755,1.5,6.50000009685755));
#3453=CARTESIAN_POINT('',(4.80000009685755,0.,6.50000009685755));
#3454=CARTESIAN_POINT('',(4.80000009685755,0.,6.50000009685755));
#3455=CARTESIAN_POINT('Origin',(6.50000009685755,0.,6.50000009685755));
#3456=CARTESIAN_POINT('Origin',(103.50000154227,0.,109.500001631677));
#3457=CARTESIAN_POINT('',(101.80000154227,1.5,109.500001631677));
#3458=CARTESIAN_POINT('Origin',(103.50000154227,1.5,109.500001631677));
#3459=CARTESIAN_POINT('',(101.80000154227,0.,109.500001631677));
#3460=CARTESIAN_POINT('',(101.80000154227,0.,109.500001631677));
#3461=CARTESIAN_POINT('Origin',(103.50000154227,0.,109.500001631677));
#3462=CARTESIAN_POINT('Origin',(10.,0.,116.));
#3463=CARTESIAN_POINT('',(100.,0.,116.));
#3464=CARTESIAN_POINT('',(10.,0.,116.));
#3465=CARTESIAN_POINT('',(100.,0.,116.));
#3466=CARTESIAN_POINT('',(100.,1.5,116.));
#3467=CARTESIAN_POINT('',(100.,0.,116.));
#3468=CARTESIAN_POINT('',(10.,1.5,116.));
#3469=CARTESIAN_POINT('',(100.,1.5,116.));
#3470=CARTESIAN_POINT('',(10.,0.,116.));
#3471=CARTESIAN_POINT('Origin',(9.99999999999999,0.,106.));
#3472=CARTESIAN_POINT('',(-7.7715611723761E-15,0.,106.));
#3473=CARTESIAN_POINT('Origin',(9.99999999999999,0.,106.));
#3474=CARTESIAN_POINT('',(0.,1.5,106.));
#3475=CARTESIAN_POINT('Origin',(9.99999999999999,1.5,106.));
#3476=CARTESIAN_POINT('',(-7.7715611723761E-15,0.,106.));
#3477=CARTESIAN_POINT('Origin',(0.,0.,10.));
#3478=CARTESIAN_POINT('',(0.,0.,10.));
#3479=CARTESIAN_POINT('',(-7.7715611723761E-15,0.,106.));
#3480=CARTESIAN_POINT('',(0.,1.5,10.));
#3481=CARTESIAN_POINT('',(-7.7715611723761E-15,1.5,106.));
#3482=CARTESIAN_POINT('',(0.,0.,10.));
#3483=CARTESIAN_POINT('Origin',(9.99999999999999,0.,9.99999999999999));
#3484=CARTESIAN_POINT('',(10.,0.,-1.11022302462516E-15));
#3485=CARTESIAN_POINT('Origin',(9.99999999999999,0.,9.99999999999999));
#3486=CARTESIAN_POINT('',(10.,1.5,0.));
#3487=CARTESIAN_POINT('Origin',(9.99999999999999,1.5,9.99999999999999));
#3488=CARTESIAN_POINT('',(10.,0.,-1.11022302462516E-15));
#3489=CARTESIAN_POINT('Origin',(100.,0.,-1.11022302462516E-14));
#3490=CARTESIAN_POINT('',(100.,0.,-1.11022302462516E-14));
#3491=CARTESIAN_POINT('',(10.,0.,-1.11022302462516E-15));
#3492=CARTESIAN_POINT('',(100.,1.5,-1.77635683940025E-14));
#3493=CARTESIAN_POINT('',(10.,1.5,-1.11022302462516E-15));
#3494=CARTESIAN_POINT('',(100.,0.,-1.11022302462516E-14));
#3495=CARTESIAN_POINT('Origin',(100.,0.,9.99999999999999));
#3496=CARTESIAN_POINT('',(110.,0.,10.));
#3497=CARTESIAN_POINT('Origin',(100.,0.,9.99999999999999));
#3498=CARTESIAN_POINT('',(110.,1.5,10.));
#3499=CARTESIAN_POINT('Origin',(100.,1.5,9.99999999999999));
#3500=CARTESIAN_POINT('',(110.,0.,10.));
#3501=CARTESIAN_POINT('Origin',(110.,0.,106.));
#3502=CARTESIAN_POINT('',(110.,0.,106.));
#3503=CARTESIAN_POINT('',(110.,0.,10.));
#3504=CARTESIAN_POINT('',(110.,1.5,106.));
#3505=CARTESIAN_POINT('',(110.,1.5,10.));
#3506=CARTESIAN_POINT('',(110.,0.,106.));
#3507=CARTESIAN_POINT('Origin',(100.,0.,106.));
#3508=CARTESIAN_POINT('Origin',(100.,0.,106.));
#3509=CARTESIAN_POINT('Origin',(100.,1.5,106.));
#3510=CARTESIAN_POINT('Origin',(55.,1.5,58.));
#3511=CARTESIAN_POINT('Origin',(55.,0.,58.));
#3512=UNCERTAINTY_MEASURE_WITH_UNIT(LENGTH_MEASURE(0.01),#3516,
'DISTANCE_ACCURACY_VALUE',
'Maximum model space distance between geometric entities at asserted c
onnectivities');
#3513=UNCERTAINTY_MEASURE_WITH_UNIT(LENGTH_MEASURE(0.01),#3516,
'DISTANCE_ACCURACY_VALUE',
'Maximum model space distance between geometric entities at asserted c
onnectivities');
#3514=(
GEOMETRIC_REPRESENTATION_CONTEXT(3)
GLOBAL_UNCERTAINTY_ASSIGNED_CONTEXT((#3512))
GLOBAL_UNIT_ASSIGNED_CONTEXT((#3516,#3518,#3519))
REPRESENTATION_CONTEXT('','3D')
);
#3515=(
GEOMETRIC_REPRESENTATION_CONTEXT(3)
GLOBAL_UNCERTAINTY_ASSIGNED_CONTEXT((#3513))
GLOBAL_UNIT_ASSIGNED_CONTEXT((#3516,#3518,#3519))
REPRESENTATION_CONTEXT('','3D')
);
#3516=(
LENGTH_UNIT()
NAMED_UNIT(*)
SI_UNIT(.MILLI.,.METRE.)
);
#3517=(
LENGTH_UNIT()
NAMED_UNIT(*)
SI_UNIT($,.METRE.)
);
#3518=(
NAMED_UNIT(*)
PLANE_ANGLE_UNIT()
SI_UNIT($,.RADIAN.)
);
#3519=(
NAMED_UNIT(*)
SI_UNIT($,.STERADIAN.)
SOLID_ANGLE_UNIT()
);
#3520=SHAPE_DEFINITION_REPRESENTATION(#3521,#3522);
#3521=PRODUCT_DEFINITION_SHAPE('',$,#3524);
#3522=SHAPE_REPRESENTATION('',(#2092),#3514);
#3523=PRODUCT_DEFINITION_CONTEXT('part definition',#3528,'design');
#3524=PRODUCT_DEFINITION('2025-12-03-16-29-14-289','Top Case V1',#3525,
#3523);
#3525=PRODUCT_DEFINITION_FORMATION('',$,#3530);
#3526=PRODUCT_RELATED_PRODUCT_CATEGORY('Top Case V1','Top Case V1',(#3530));
#3527=APPLICATION_PROTOCOL_DEFINITION('international standard',
'automotive_design',2009,#3528);
#3528=APPLICATION_CONTEXT(
'Core Data for Automotive Mechanical Design Process');
#3529=PRODUCT_CONTEXT('part definition',#3528,'mechanical');
#3530=PRODUCT('2025-12-03-16-29-14-289','Top Case V1',$,(#3529));
#3531=PRESENTATION_STYLE_ASSIGNMENT((#3532));
#3532=SURFACE_STYLE_USAGE(.BOTH.,#3533);
#3533=SURFACE_SIDE_STYLE('',(#3534));
#3534=SURFACE_STYLE_FILL_AREA(#3535);
#3535=FILL_AREA_STYLE('Steel - Satin',(#3536));
#3536=FILL_AREA_STYLE_COLOUR('Steel - Satin',#3537);
#3537=COLOUR_RGB('Steel - Satin',0.627450980392157,0.627450980392157,0.627450980392157);
ENDSEC;
END-ISO-10303-21;
